http://dbpedia.org/resource/Freddie_Green,Clark Terry
Freddie Green,Billy Taylor
Freddie Green,Buddy Tate
Freddie Green,Louie Bellson
Freddie Green,Buddy DeFranco
Freddie Green,Jimmy Lewis
Freddie Green,Danny Barker
Freddie Green,Annie Ross
http://dbpedia.org/resource/Ziggy_Elman,Leslie Johnson
Milton Berle,Buster Williams
Milton Berle,John Levy
http://dbpedia.org/resource/Paul_Robeson,Jimmy Scott
Paul Robeson,Doc Cheatham
Claude Hopkins,Milt Hinton
Lee Konitz,Buddy DeFranco
Gerry Mulligan,Marian McPartland
Gerry Mulligan,Jimmy Owens
Gerry Mulligan,Dave Brubeck
Gerry Mulligan,Milt Hinton
Harry James,Danny Barker
Harry James,Stanley Kay
Harry James,Red Holloway
Harry James,Louie Bellson
Hank Jones,Milt Hinton
Hank Jones,Abbey Lincoln
Hank Jones,Toshiko Akiyoshi
Hank Jones,Roy Haynes
Hank Jones,Doc Cheatham
Hank Jones,Mona Hinton
http://dbpedia.org/resource/Milt_Hinton,Dick Cavett
Milt Hinton,Louis Armstrong
Milt Hinton,Eddie South
Milt Hinton,Jay McShann
Milt Hinton,Carl Jefferson
Milt Hinton,Buddy Rich
Milt Hinton,Willis Conover
Milt Hinton,Woody Herman
Milt Hinton,Claude Hopkins
Milt Hinton,Ray Nance
Milt Hinton,Richard Davis
Milt Hinton,Bobby Rosengarden
Milt Hinton,Ben Bernie
Milt Hinton,Ben Pollack
Milt Hinton,Harold Ousley
Milt Hinton,Helen Humes
Milt Hinton,Bucky Pizzarelli
Milt Hinton,Delfeayo Marsalis
Milt Hinton,Joe Williams
Milt Hinton,John Kirby
Milt Hinton,Dizzy Gillespie
Milt Hinton,Erskine Tate
Milt Hinton,Charlie Shavers
Milt Hinton,Cab Calloway
Milt Hinton,John Levy
Milt Hinton,Art Tatum
Milt Hinton,Teddy Wilson
Milt Hinton,Cannonball Adderley
Milt Hinton,Al Hall
Milt Hinton,Billy Eckstine
Milt Hinton,Jack Teagarden
Milt Hinton,Bob Cranshaw
Milt Hinton,Billy Taylor
Milt Hinton,Jim Hall
Milt Hinton,Duke Ellington
Milt Hinton,Ahmad Jamal
Milt Hinton,Illinois Jacquet
Milt Hinton,Benny Green
Milt Hinton,Mona Hinton
Milt Hinton,Al Morgan
Milt Hinton,Johnny Hodges
Milt Hinton,Al Capone
Milt Hinton,Dorothy Donegan
Milt Hinton,Jane Jarvis
Milt Hinton,Urbie Green
Milt Hinton,Barry Galbraith
Milt Hinton,Scoops Carey
Milt Hinton,Earl Hines
Milt Hinton,Fletcher Henderson
Milt Hinton,Marian McPartland
Milt Hinton,Foots Thomas
Milt Hinton,Jimmy Bertrand
Milt Hinton,Hank Jones
Milt Hinton,Charlie Christian
Milt Hinton,Charles Davis
Milt Hinton,Benny Goodman
Milt Hinton,Lou Rawls
Milt Hinton,Jimmy Noone
Milt Hinton,Louie Bellson
Milt Hinton,Johnny Dodds
Milt Hinton,Benny Morton
Milt Hinton,Sarah Vaughan
Milt Hinton,John Benson Brooks
Milt Hinton,Cootie Williams
Milt Hinton,Sonny Greer
Milt Hinton,Benny Carter
Milt Hinton,Lil Armstrong
Milt Hinton,Alberta Hunter
Milt Hinton,Budd Johnson
Milt Hinton,Keg Johnson
Milt Hinton,Sy Johnson
Milt Hinton,Bob Shaffner
Milt Hinton,Ron Carter
Milt Hinton,Louis Bellson
Milt Hinton,Bob Haggart
Milt Hinton,Joe Turner
Milt Hinton,Zutty Singleton
Milt Hinton,George Wein
Milt Hinton,Mel Powell
Milt Hinton,Clark Terry
Milt Hinton,Charlie Parker
Milt Hinton,Art Farmer
Milt Hinton,Jimmy Jones
Milt Hinton,Porter Kilbert
Milt Hinton,Kid Ory
Milt Hinton,Dick Hyman
Milt Hinton,Al Jolson
Milt Hinton,Ben Webster
Milt Hinton,Ed Shaughnessy
Milt Hinton,Lionel Hampton
Milt Hinton,Clark Smith
Milt Hinton,Chu Berry
Milt Hinton,George Barnes
Milt Hinton,Osie Johnson
Milt Hinton,Israel Crosby
Milt Hinton,Wilbur Ware
Milt Hinton,Jo Jones
Milt Hinton,Pearl Bailey
Milt Hinton,Bill Berry
Milt Hinton,Les Hite
Milt Hinton,Buster Williams
Milt Hinton,Gerry Mulligan
Milt Hinton,Doc Cheatham
Milt Hinton,Danny Barker
Milt Hinton,Barney Bigard
Milt Hinton,Count Basie
Milt Hinton,Sid Catlett
Milt Hinton,Roy Eldridge
http://dbpedia.org/resource/Maynard_Ferguson,Slide Hampton
Maynard Ferguson,Jimmy Owens
Maynard Ferguson,Toshiko Akiyoshi
Maynard Ferguson,Ron Carter
http://dbpedia.org/resource/Dave_Brubeck,Goddard Lieberson
Dave Brubeck,Annie Ross
Dave Brubeck,Louis Armstrong
Dave Brubeck,George Wein
Dave Brubeck,Joe Morello
Dave Brubeck,John Hammond
Dave Brubeck,Pierre Salinger
Dave Brubeck,Charles Mingus
Dave Brubeck,Teo Macero
Dave Brubeck,George Moore
Dave Brubeck,Woody Herman
Dave Brubeck,Lionel Hampton
Dave Brubeck,Billy Kyle
Dave Brubeck,Herb Wong
Dave Brubeck,Howard Brubeck
Dave Brubeck,Charles Ives
Dave Brubeck,Clive Davis
Dave Brubeck,Cleo Brown
Dave Brubeck,Marian McPartland
Dave Brubeck,Ray Wax
Dave Brubeck,Dizzy Gillespie
Dave Brubeck,Chet Huntley
Dave Brubeck,Bull Ruther
Dave Brubeck,Clint Eastwood
Dave Brubeck,Richard Rodgers
Dave Brubeck,Thelonious Monk
Dave Brubeck,Red Norvo
Dave Brubeck,Tony Bennett
Dave Brubeck,Richard Nixon
Dave Brubeck,Jack Kennedy
Dave Brubeck,Miles Davis
Dave Brubeck,Max Weiss
Dave Brubeck,Jim Bancroft
Dave Brubeck,Ralph Gleason
Dave Brubeck,Skinnay Ennis
Dave Brubeck,Ken Curtis
Dave Brubeck,Jane Jarvis
Dave Brubeck,George Avakian
Dave Brubeck,Bill Russo
Dave Brubeck,George Shultz
Dave Brubeck,John Marabuto
Dave Brubeck,Abbey Lincoln
Dave Brubeck,Doug Ramsey
Dave Brubeck,Darrell Cutler
Dave Brubeck,Slide Hampton
Dave Brubeck,Stan Getz
Dave Brubeck,Eddie Duran
Dave Brubeck,Frank Sinatra
Dave Brubeck,Neil Tesser
Dave Brubeck,Gerald Ford
Dave Brubeck,Darius Milhaud
Dave Brubeck,Bill Smith
Dave Brubeck,Nadia Boulanger
Dave Brubeck,Jimmy Blanton
Dave Brubeck,Aldus Huxley
Dave Brubeck,Cal Tjader
Dave Brubeck,Vince Guaraldi
Dave Brubeck,Count Basie
Dave Brubeck,Cal Lampley
Dave Brubeck,Henry Cowell
Dave Brubeck,Junior Raglin
Dave Brubeck,Andrei Sakharov
Dave Brubeck,Russell Means
Dave Brubeck,Paul Desmond
Dave Brubeck,Leonard Feather
Dave Brubeck,Cole Porter
Dave Brubeck,Al Davis
Dave Brubeck,Chris Brubeck
Dave Brubeck,Irving Townsend
Dave Brubeck,Alan Dawson
Dave Brubeck,Wynton Marsalis
Dave Brubeck,Nancy Reagan
Dave Brubeck,Barbara Bel Geddes
Dave Brubeck,Ron Carter
Dave Brubeck,Walter Cronkite
Dave Brubeck,Jimmy Carter
Dave Brubeck,Ernie Farmer
Dave Brubeck,Duke Ellington
Dave Brubeck,King Hussein
Dave Brubeck,Leland Hayward
Dave Brubeck,Ron Crotty
Dave Brubeck,Louie Bellson
Dave Brubeck,Gerry Mulligan
Dave Brubeck,Teddy Wilson
Dave Brubeck,Pete Rugolo
Dave Brubeck,Gunther Schuller
Dave Brubeck,Charlie Parker
Dave Brubeck,Eugene Wright
Dave Brubeck,Johnny Coppola
Dave Brubeck,Benny Goodman
Dave Brubeck,Turk Murphy
Dave Brubeck,Tal Farlow
Dave Brubeck,Bud Powell
Dave Brubeck,Darius Brubeck
Dave Brubeck,Art Tatum
Dave Brubeck,Lew Soloff
Dave Brubeck,Carmen McRae
Dave Brubeck,David van Kriedt
Dave Brubeck,Barry Ulanov
Dave Brubeck,Stan Kenton
Dave Brubeck,Richard Jeweler 
Dave Brubeck,Jack Six
Dave Brubeck,Studs Terkel
Dave Brubeck,Bud Harr
Dave Brubeck,Jimmy Lyons
Dave Brubeck,Norman Bates
Dave Brubeck,Mercer Ellington
Dave Brubeck,Marlene Dietrich
Dave Brubeck,Dean Carl Nosse
Dave Brubeck,Joe Glaser
Dave Brubeck,Jack Fina
Dave Brubeck,Alvino Rey
Dave Brubeck,Dick Collins
Dave Brubeck,Matt Dennis
Dave Brubeck,Herb Barman
Dave Brubeck,Herb Geller
Dave Brubeck,Myra Hess
Dave Brubeck,Ted Rosenthal
Dave Brubeck,Georgia Frontiere
Dave Brubeck,Gil Evans
Dave Brubeck,Christopher Isherwood
Dave Brubeck,Denise McClugagge
Dave Brubeck,Lu Watters
Dave Brubeck,Bob Skinner
Dave Brubeck,Jelly Roll Morton
Dave Brubeck,Jack Weeks
Dave Brubeck,Doris Duke
Dave Brubeck,Lennie Tristano
Dave Brubeck,Earle Weatherwax
Roy Haynes,Stan Getz
Roy Haynes,Dave Kikoski
Roy Haynes,John Malachi
Roy Haynes,Branford Marsalis
Roy Haynes,Clifford Brown
Roy Haynes,Pearl Bailey
Roy Haynes,Sun Ra
Roy Haynes,Pat Metheny
Roy Haynes,Chick Corea
Roy Haynes,Hannibal Peterson
Roy Haynes,Erskine Hawkins
Roy Haynes,Lawrence Marable
Roy Haynes,James P. Johnson
Roy Haynes,Gloria Lynne
Roy Haynes,Joe Henderson
Roy Haynes,Gary Novak
Roy Haynes,Lester Young
Roy Haynes,Louie Bellson
Roy Haynes,Billy Higgins
Roy Haynes,Norman Granz
Roy Haynes,Fred Astaire
Roy Haynes,Emery Thompson
Roy Haynes,Harry Carney
Roy Haynes,Gary Burton
Roy Haynes,Joe Newman
Roy Haynes,Andrew Cyrille
Roy Haynes,Benny Goodman
Roy Haynes,Coleman Hawkins
Roy Haynes,Ella Fitzgerald
Roy Haynes,Bunk Johnson
Roy Haynes,Babs Gonzales
Roy Haynes,Sam Woodyard
Roy Haynes,Charlie Holmes
Roy Haynes,Bob Elliott
Roy Haynes,Don Braden
Roy Haynes,Charles Mingus
Roy Haynes,Jimmy Garrison
Roy Haynes,Charlie Parker
Roy Haynes,Pops Foster
Roy Haynes,Louis Armstrong
Roy Haynes,Symphony Sid
Roy Haynes,Buddy Rich
Roy Haynes,Ringo Starr
Roy Haynes,Tommy Mace
Roy Haynes,Archie Shepp
Roy Haynes,Jackie Parker
Roy Haynes,Red Rodney
Roy Haynes,Charles Sullivan
Roy Haynes,Gil Noble
Roy Haynes,Cat Anderson
Roy Haynes,Frank Strozier
Roy Haynes,Panama Francis
Roy Haynes,Jackie McLean
Roy Haynes,Randy Gilmore
Roy Haynes,Sahib Shihab
Roy Haynes,George Treadwell
Roy Haynes,Artie Shaw
Roy Haynes,Ronnell Bright
Roy Haynes,Sonny Rollins
Roy Haynes,Billy Cobham
Roy Haynes,Cozy Cole
Roy Haynes,Clarence Johnson
Roy Haynes,Thelonious Monk
Roy Haynes,Lee Richardson
Roy Haynes,Bob Bell
Roy Haynes,Jimmy Jones
Roy Haynes,Bobby Watson
Roy Haynes,Omar Hakim
Roy Haynes,Toshiko Akiyoshi
Roy Haynes,Teddy Stewart
Roy Haynes,Duke Ellington
Roy Haynes,Joe Benjamin
Roy Haynes,Shelly Manne
Roy Haynes,Joe Harris
Roy Haynes,Alan Dawson
Roy Haynes,Wayne Shorter
Roy Haynes,John Coltrane
Roy Haynes,Argonne Thornton
Roy Haynes,Lee Young
Roy Haynes,Lucky Millinder
Roy Haynes,Don Byas
Roy Haynes,Dorothy Donegan
Roy Haynes,Airto
Roy Haynes,Jack DeJohnette
Roy Haynes,Kenny Clarke
Roy Haynes,Fletcher Henderson
Roy Haynes,Lee Nevilles
Roy Haynes,Fats Ford
Roy Haynes,Billie Holiday
Roy Haynes,Bobby Donaldson
Roy Haynes,Kenny Dorham
Roy Haynes,Cab Calloway
Roy Haynes,Lester Shackleford
Roy Haynes,Sam Rivers
Roy Haynes,Billy Eckstine
Roy Haynes,Steve Gadd
Roy Haynes,Shadow Wilson
Roy Haynes,Tain Watts
Roy Haynes,Ezra Charles
Roy Haynes,Art Tatum
Roy Haynes,Joe Booker
Roy Haynes,Luis Russell
Roy Haynes,Nat King Cole
Roy Haynes,Gene Krupa
Roy Haynes,Karl Ludwig
Roy Haynes,Kai Winding
Roy Haynes,Max Gordon
Roy Haynes,Marvin &quot;Smitty&quot; Smith
Roy Haynes,Dizzy Gillespie
Roy Haynes,Dennis Chambers
Roy Haynes,Lenny White
Roy Haynes,Tom Brown
Roy Haynes,Dave Weckl
Roy Haynes,Sonny Greer
Roy Haynes,Sidney Bechet
Roy Haynes,Gus Haynes
Roy Haynes,George Gershwin
Roy Haynes,Eric Dolphy
Roy Haynes,Art Taylor
Roy Haynes,Quincy Jones
Roy Haynes,Philly Joe Jones
Roy Haynes,Kevin Eubanks
Roy Haynes,Fats Waller
Roy Haynes,Terri Lyne Carrington
Roy Haynes,Miroslav Vitous
Roy Haynes,Red Allen
Roy Haynes,Rashied Ali
Roy Haynes,Max Roach
Roy Haynes,Sonny Murray
Roy Haynes,Shorty McConnell
Roy Haynes,Sarah Vaughan
Roy Haynes,Bing Crosby
Roy Haynes,McCoy Tyner
Roy Haynes,Peter Erskine
Roy Haynes,Kenny Burrell
Roy Haynes,Jimmy Heath
Roy Haynes,Al Haig
Roy Haynes,George Adams
Roy Haynes,Hank Jones
Roy Haynes,Chick Webb
Roy Haynes,Donald Harrison
Roy Haynes,Tom Brechtlein
Roy Haynes,Howard McGhee
Roy Haynes,Sonny Stitt
Roy Haynes,Stanley Cowell
Roy Haynes,Dwayne Burno
Roy Haynes,Tommy Potter
Roy Haynes,Charlie Christian
Roy Haynes,Kansas Fields
Roy Haynes,Art Blakey
Roy Haynes,Tony Williams
Roy Haynes,Louis Jordan
Roy Haynes,Count Basie
Roy Haynes,Albert Dailey
Roy Haynes,Sabby Lewis
Roy Haynes,Sid Catlett
Roy Haynes,Bud Powell
Roy Haynes,Edgar Bateman
Roy Haynes,Ted Briscoe
Roy Haynes,Johnny Hodges
Roy Haynes,Cecil McBee
Roy Haynes,Jo Jones
Roy Haynes,Joe Jones
Roy Haynes,Miles Davis
Roy Haynes,Arvell Shaw
Roy Haynes,Sadik Hakim
Roy Haynes,Carl Schroeder
Roy Haynes,Billy Strayhorn
Roy Haynes,Earl Hines
Roy Haynes,George Wein
Roy Haynes,Osie Johnson
Roy Haynes,Nelson Boyd
Roy Haynes,Jimmie Lunceford
Roy Haynes,Milford Graves
Roy Haynes,Dinah Washington
Roy Haynes,Phil Edmond
Roy Haynes,Thad Jones
http://dbpedia.org/resource/Flip_Phillips,Toshiko Akiyoshi
Flip Phillips,Bob Haggart
http://dbpedia.org/resource/J._C._Higginbotham,Jimmy Owens
J.C. Higginbotham,John Levy
Eddie Heywood,Mary Lou Williams
http://dbpedia.org/resource/Steve_Allen,Joe Williams
Steve Allen,Louie Bellson
http://dbpedia.org/resource/Harry_Carney,Roy Haynes
Harry Carney,Toshiko Akiyoshi
Harry Carney,Louie Bellson
Harry Carney,John Levy
Harry Carney,Oscar Peterson
http://dbpedia.org/resource/Israel_Crosby,John Levy
Israel Crosby,Milt Hinton
Charlie Fowlkes,Benny Powell
Charlie Fowlkes,Clark Terry
http://dbpedia.org/resource/Lee_Blair,Danny Barker
Howard Johnson,Louie Bellson
Charlie Christian,Louie Bellson
Charlie Christian,Danny Barker
Charlie Christian,Milt Hinton
Charlie Christian,Roy Eldridge
Charlie Christian,Roy Haynes
Joe Smith,Mary Lou Williams
http://dbpedia.org/resource/Willie_%22Big_Eyes%22_Smith,Benny Waters
Willie Smith,Clark Terry
Willie Smith,Louie Bellson
Kate Smith,Jimmy Lewis
Morey Feld,Ed Shaughnessy
Morey Feld,Doc Cheatham
Richie Powell,Toshiko Akiyoshi
Tom Brown,Roy Haynes
Harold Land,Buster Williams
Harold Land,Charles McPherson
Jackie Robinson,Mona Hinton
Jackie Robinson,Clark Terry
http://dbpedia.org/resource/Willie_%22the_Lion%22_Smith,Danny Barker
http://dbpedia.org/resource/Joe_Marsala,Stanley Kay
http://dbpedia.org/resource/Tyree_Glenn,Danny Barker
Jimmy Hamilton,Louie Bellson
http://dbpedia.org/resource/Eddie_Safranski,Marian McPartland
http://dbpedia.org/resource/Henry_Coker,Buddy Tate
Count Basie,Marian McPartland
Count Basie,Danny Barker
Count Basie,Sonny Payne
Count Basie,Don Redman
Count Basie,Benny Powell
Count Basie,Jimmy Owens
Count Basie,Mona Hinton
Count Basie,Toshiko Akiyoshi
Count Basie,Benny Waters
Count Basie,Eddie Davis
Count Basie,Charles Davis
Count Basie,Joe Williams
Count Basie,Buddy DeFranco
Count Basie,Nancy Wilson
Count Basie,Vi Redd
Count Basie,Louie Bellson
Count Basie,Phil Woods
Count Basie,Dave Brubeck
Count Basie,Eubie Blake
Count Basie,Annie Ross
Count Basie,Doc Cheatham
Count Basie,Jimmy Scott
Count Basie,Clark Terry
Count Basie,Slide Hampton
Count Basie,Eva Jessye
Count Basie,Dave Wilborn
Count Basie,Fletcher Henderson
Count Basie,Jane Jarvis
Count Basie,Billy Taylor
Count Basie,Jimmy Lewis
Count Basie,Bob Haggart
Count Basie,Ed Shaughnessy
Count Basie,Harold Ousley
Count Basie,Bill Hughes
Count Basie,Abbey Lincoln
Count Basie,Lionel Hampton
Count Basie,Roy Eldridge
Count Basie,Fats Waller
Count Basie,Red Holloway
Count Basie,Mary Lou Williams
Count Basie,Oscar Peterson
Count Basie,Roy Haynes
Count Basie,Bill Berry
Count Basie,Buddy Tate
Count Basie,Stanley Kay
Count Basie,John Levy
Count Basie,Milt Hinton
http://dbpedia.org/resource/Benny_Carter,Marian McPartland
Benny Carter,Abbey Lincoln
Benny Carter,Roy Eldridge
Benny Carter,Benny Waters
Benny Carter,Mary Lou Williams
Benny Carter,Danny Barker
Benny Carter,Gerald Wiggins
Benny Carter,Louie Bellson
Benny Carter,Phil Woods
Benny Carter,Milt Hinton
Benny Carter,Jimmy Scott
Benny Carter,Oscar Peterson
Benny Carter,Joe Williams
Benny Carter,John Levy
http://id.loc.gov/authorities/names/no2009200155,Nancy Wilson
Clarence Williams,Danny Barker
http://dbpedia.org/resource/Wardell_Gray,Buddy DeFranco
http://dbpedia.org/resource/Sarah_Vaughan,Red Holloway
Sarah Vaughan,Gerald Wiggins
Sarah Vaughan,Buddy Tate
Sarah Vaughan,Harold Ousley
Sarah Vaughan,Toshiko Akiyoshi
Sarah Vaughan,Joe Williams
Sarah Vaughan,Abbey Lincoln
Sarah Vaughan,Jimmy Scott
Sarah Vaughan,Vi Redd
Sarah Vaughan,Louie Bellson
Sarah Vaughan,Milt Hinton
Sarah Vaughan,Clark Terry
Sarah Vaughan,John Levy
Sarah Vaughan,Roy Haynes
Sarah Vaughan,Phil Woods
Sarah Vaughan,Annie Ross
Sarah Vaughan,Mary Lou Williams
Sarah Vaughan,Buster Williams
Sarah Vaughan,Nancy Wilson
Sarah Vaughan,Billy Eckstine
http://dbpedia.org/resource/Lawrence_Brown_(musician),John Levy
Lawrence Brown,Louie Bellson
Lawrence Brown,Slide Hampton
Louis Armstrong,Louie Bellson
Louis Armstrong,Milt Hinton
Louis Armstrong,Dave Brubeck
Louis Armstrong,Billy Taylor
Louis Armstrong,Lionel Hampton
Louis Armstrong,Charles McPherson
Louis Armstrong,Jimmy Scott
Louis Armstrong,Roy Haynes
Louis Armstrong,Doc Cheatham
Louis Armstrong,Roy Eldridge
Louis Armstrong,Benny Waters
Louis Armstrong,Buster Williams
Louis Armstrong,Danny Barker
Louis Armstrong,Bob Haggart
Louis Armstrong,Jimmy Owens
Louis Armstrong,Marian McPartland
Louis Armstrong,Delfeayo Marsalis
Louis Armstrong,Harold Ousley
Louis Armstrong,Buddy DeFranco
Louis Armstrong,Abbey Lincoln
Louis Armstrong,Annie Ross
Louis Armstrong,Mary Lou Williams
Louis Armstrong,Toshiko Akiyoshi
Louis Armstrong,Gerald Wiggins
Louis Armstrong,Roswell Rudd
Louis Armstrong,Mona Hinton
Louis Armstrong,Leslie Johnson
John Thomas,Louie Bellson
John Coltrane,Buster Williams
John Coltrane,Abbey Lincoln
John Coltrane,Stanley Kay
John Coltrane,David Murray
John Coltrane,Sam Rivers
John Coltrane,Red Holloway
John Coltrane,Buddy DeFranco
John Coltrane,Delfeayo Marsalis
John Coltrane,Louie Bellson
John Coltrane,Phil Woods
John Coltrane,Charles Davis
John Coltrane,Roy Haynes
John Coltrane,Toshiko Akiyoshi
John Coltrane,Slide Hampton
John Coltrane,McCoy Tyner
John Coltrane,Benny Powell
John Coltrane,Annie Ross
John Coltrane,Jimmy Owens
Larry Adler,Annie Ross
Mert Oliver,Louie Bellson
Guy Lombardo,Mary Lou Williams
Guy Lombardo,Danny Barker
Guy Lombardo,Bob Haggart
Guy Lombardo,Phil Woods
Guy Lombardo,Mona Hinton
Guy Lombardo,Stanley Kay
Johnny Hodges,Oscar Peterson
Johnny Hodges,Benny Waters
Johnny Hodges,John Levy
Johnny Hodges,Mary Lou Williams
Johnny Hodges,Milt Hinton
Johnny Hodges,Stanley Kay
Johnny Hodges,Phil Woods
Johnny Hodges,Roy Haynes
Johnny Hodges,Lionel Hampton
Johnny Hodges,Louie Bellson
Frank Sinatra,Dave Brubeck
Frank Sinatra,Abbey Lincoln
Frank Sinatra,Stanley Kay
Frank Sinatra,Vi Redd
Frank Sinatra,John Levy
Frank Sinatra,Jimmy Lewis
Frank Sinatra,Benny Powell
Frank Sinatra,Toshiko Akiyoshi
Lena Horne,Clark Terry
Lena Horne,John Levy
Lena Horne,Gerald Wiggins
Lena Horne,Mona Hinton
Lena Horne,Nancy Wilson
Lena Horne,Buddy Tate
Lena Horne,Abbey Lincoln
Lena Horne,Lionel Hampton
Lena Horne,Mary Lou Williams
http://dbpedia.org/resource/Little_Brother_Montgomery,Danny Barker
http://dbpedia.org/resource/Buster_Bailey,Danny Barker
Buster Bailey,Jimmy Owens
http://dbpedia.org/resource/Oscar_Pettiford,John Levy
Oscar Pettiford,Louie Bellson
Oscar Pettiford,Jimmy Lewis
Oscar Pettiford,Phil Woods
Oscar Pettiford,Toshiko Akiyoshi
Oscar Pettiford,Mary Lou Williams
http://dbpedia.org/resource/Lee_Collins_(musician),Danny Barker
http://id.loc.gov/authorities/names/no98095009.html,Danny Barker
http://dbpedia.org/resource/Al_McKibbon,John Levy
http://dbpedia.org/resource/Paul_Bley,Sam Rivers
Charles Thomas,Joe Williams
http://dbpedia.org/resource/Tex_Beneke,Bob Haggart
Harry Belafonte,Buddy DeFranco
Harry Belafonte,John Levy
http://dbpedia.org/resource/Mary_Lou_Williams,Sammy Price
Mary Lou Williams,Jerry Burley
Mary Lou Williams,Joe Smith
Mary Lou Williams,Willis Scruggs
Mary Lou Williams,Eddie Heywood
Mary Lou Williams,Duke Ellington
Mary Lou Williams,Billy Eckstine
Mary Lou Williams,Rogers E. M. Whitaker
Mary Lou Williams,Ben Webster
Mary Lou Williams,Jelly Roll Morton
Mary Lou Williams,Piney Brown
Mary Lou Williams,Barry Ulanov
Mary Lou Williams,Guy Lombardo
Mary Lou Williams,Roy Eldridge
Mary Lou Williams,Jackie &quot;Moms&quot; Mabley
Mary Lou Williams,Jimmie Lunceford
Mary Lou Williams,Mickey Roker
Mary Lou Williams,Jack Hylton
Mary Lou Williams,Don Byas
Mary Lou Williams,Fletcher Burley
Mary Lou Williams,Tadd Dameron
Mary Lou Williams,Hazel Scott
Mary Lou Williams,Gertrude Saunders
Mary Lou Williams,Florence Mills
Mary Lou Williams,Theodore Bennett
Mary Lou Williams,Miles Davis
Mary Lou Williams,Dizzy Gillespie
Mary Lou Williams,Musa Kaleem
Mary Lou Williams,Sylvester Briscoe
Mary Lou Williams,Kenny Durham
Mary Lou Williams,Walter Page
Mary Lou Williams,Joe Turner
Mary Lou Williams,Baby Laurence
Mary Lou Williams,Sy Baron
Mary Lou Williams,Robert Sylvester
Mary Lou Williams,Margaret Warren
Mary Lou Williams,Benny Goodman
Mary Lou Williams,Bill Bailey
Mary Lou Williams,Ethel Waters
Mary Lou Williams,Mildred Bailey
Mary Lou Williams,Moe Asch
Mary Lou Williams,Kenny Clarke
Mary Lou Williams,Fletcher Henderson
Mary Lou Williams,Imogene Coca
Mary Lou Williams,Marian McPartland
Mary Lou Williams,Herschel Evans
Mary Lou Williams,Nicole Barclay
Mary Lou Williams,Bill Robinson
Mary Lou Williams,Virginia Burley
Mary Lou Williams,George Auld
Mary Lou Williams,David Stone Martin
Mary Lou Williams,Benny Carter
Mary Lou Williams,Father Crowley
Mary Lou Williams,Mel Torme
Mary Lou Williams,Harold Baker
Mary Lou Williams,Father Anthony Woods
Mary Lou Williams,Garland Wilson
Mary Lou Williams,Bud Powell
Mary Lou Williams,Johnny Dankworth
Mary Lou Williams,Max Roach
Mary Lou Williams,Leonard Feather
Mary Lou Williams,Johnny Hodges
Mary Lou Williams,Annie Ross
Mary Lou Williams,Joe Williams
Mary Lou Williams,Dick Wilson
Mary Lou Williams,Josephine Baker
Mary Lou Williams,Harris Levy
Mary Lou Williams,Jack Howard
Mary Lou Williams,Bill Clark
Mary Lou Williams,Chick Webb
Mary Lou Williams,Chu Berry
Mary Lou Williams,Andy Kirk
Mary Lou Williams,James P. Johnson
Mary Lou Williams,Erroll Garner
Mary Lou Williams,Alvin Ailey
Mary Lou Williams,Kenny Dorham
Mary Lou Williams,George Wein
Mary Lou Williams,Lester Young
Mary Lou Williams,Gloria Vanderbilt
Mary Lou Williams,Bennie Moten
Mary Lou Williams,Norman Granz
Mary Lou Williams,Joe Glaser
Mary Lou Williams,Johnny Garrett
Mary Lou Williams,Vi Redd
Mary Lou Williams,Melba Liston
Mary Lou Williams,Josephine Burley
Mary Lou Williams,Jack Kapp
Mary Lou Williams,Van Cliburn
Mary Lou Williams,Stella Brooks
Mary Lou Williams,Babs Gonzales
Mary Lou Williams,Katherine Dunham
Mary Lou Williams,Hilton Ruiz
Mary Lou Williams,Illinois Jacquet
Mary Lou Williams,Earl Thompson
Mary Lou Williams,Milton Orent
Mary Lou Williams,Timme Rosenkrantz
Mary Lou Williams,John Joseph Wright
Mary Lou Williams,Julia Lee
Mary Lou Williams,Blanche Calloway
Mary Lou Williams,Thelma Carpenter
Mary Lou Williams,Howard Burley
Mary Lou Williams,Art Tatum
Mary Lou Williams,Peggy Mellon Hitchcock
Mary Lou Williams,John Williams
Mary Lou Williams,Jane Jarvis
Mary Lou Williams,Charlie Parker
Mary Lou Williams,Hot Lips Page
Mary Lou Williams,Louis Armstrong
Mary Lou Williams,Lorraine Gillespie
Mary Lou Williams,Bubber Miley
Mary Lou Williams,Father Peter O&#039;Brien
Mary Lou Williams,Cab Calloway
Mary Lou Williams,Leonard Harper
Mary Lou Williams,Robert Harris
Mary Lou Williams,Buzzin&#039; Harris
Mary Lou Williams,Billy Taylor
Mary Lou Williams,John Hammond
Mary Lou Williams,Edmond Hall
Mary Lou Williams,Lovie Austin
Mary Lou Williams,Woody Herman
Mary Lou Williams,Art Blakey
Mary Lou Williams,Josh White
Mary Lou Williams,Boo Frazier
Mary Lou Williams,Count Basie
Mary Lou Williams,Ben Pollack
Mary Lou Williams,Fats Waller
Mary Lou Williams,Percy Heath
Mary Lou Williams,Sarah Vaughan
Mary Lou Williams,Sonny Greer
Mary Lou Williams,Buddy Tate
Mary Lou Williams,Anna Jane Rouser
Mary Lou Williams,Orlando Wright
Mary Lou Williams,Thelonious Monk
Mary Lou Williams,J. C. Heard
Mary Lou Williams,Red Norvo
Mary Lou Williams,Roland Mayfield
Mary Lou Williams,Fats Navarro
Mary Lou Williams,Ted Heath
Mary Lou Williams,Earl Hines
Mary Lou Williams,Claude Williams
Mary Lou Williams,Martha Raye
Mary Lou Williams,Brother John Sellers
Mary Lou Williams,Stumpy Brady
Mary Lou Williams,Fred Robbins
Mary Lou Williams,Johnny Harrington
Mary Lou Williams,Ella Fitzgerald
Mary Lou Williams,Lena Horne
Mary Lou Williams,Pete Johnson
Mary Lou Williams,Mose Winn
Mary Lou Williams,Jo Jones
Mary Lou Williams,Oscar Pettiford
Mary Lou Williams,Doc Cheatham
Mary Lou Williams,Kai Winding
Mary Lou Williams,Buck Clayton
Mary Lou Williams,Bill Coleman
Mary Lou Williams,Louise Crane
Mary Lou Williams,Billie Holiday
Mary Lou Williams,Al Hall
Bobby Tucker,Annie Ross
Bobby Tucker,Billy Eckstine
Bobby Tucker,John Levy
Don Lamond,Ed Shaughnessy
Don Lamond,Louie Bellson
Danny Barker,Louis Barbarin
Danny Barker,Horace Henderson
Danny Barker,Tiny Bradshaw
Danny Barker,George Guesnon
Danny Barker,Count Basie
Danny Barker,Bill Doggett
Danny Barker,Luis Russell
Danny Barker,John Handy
Danny Barker,Louis Nelson
Danny Barker,Shad Collins
Danny Barker,John Kirby
Danny Barker,Earl Hines
Danny Barker,Muhammad Ali
Danny Barker,Guy Kelly
Danny Barker,Frankie Fairfax
Danny Barker,Eva Tanguay
Danny Barker,Wooden Joe Nicholas 
Danny Barker,Ernest Kelly
Danny Barker,Alyn Shipton
Danny Barker,Vic Gaspard
Danny Barker,Baby Dodds
Danny Barker,Lionel Tapo
Danny Barker,Lawrence Lucie
Danny Barker,Connie Kay
Danny Barker,Tab Smith
Danny Barker,Esther Bigeou
Danny Barker,Louis
Danny Barker,Howard Mandolf
Danny Barker,Dave Nelson
Danny Barker,Lips Page
Danny Barker,Sidney Desvigne
Danny Barker,Milford Piron
Danny Barker,Armand Piron
Danny Barker,Jonah Jones
Danny Barker,Doc Cheatham
Danny Barker,William Wrigley Jr.
Danny Barker,Andy Razaf
Danny Barker,Bessie Smith
Danny Barker,Barney Bigard
Danny Barker,Alphonse Steele
Danny Barker,Doc Cook
Danny Barker,Bunk Johnson
Danny Barker,Milt Jackson
Danny Barker,Chu Berry
Danny Barker,Lucky Millinder
Danny Barker,Perry Bradford
Danny Barker,Foots Thomas
Danny Barker,Cab Jivers
Danny Barker,Buster Bailey
Danny Barker,Charlie Christian
Danny Barker,Louis Nelson Delisle
Danny Barker,Fletcher Henderson
Danny Barker,Al Morgan
Danny Barker,Jerry Brock
Danny Barker,Harry James
Danny Barker,Tommy Dorsey
Danny Barker,Bernard Addison
Danny Barker,Eddie Lang
Danny Barker,Wilbur De Paris
Danny Barker,Dizzy Gillespie
Danny Barker,Clifford &quot;Boy&quot; Bigeou
Danny Barker,Jo Jones
Danny Barker,Billy Kyle
Danny Barker,Johnny Williams
Danny Barker,Mae West
Danny Barker,Benny Carter
Danny Barker,Guy Lombardo
Danny Barker,Eddie Durham
Danny Barker,Papa Celestin
Danny Barker,Herlin Riley
Danny Barker,Johnny Dave
Danny Barker,Clarence Holiday
Danny Barker,Jelly Roll Morton
Danny Barker,Louis Arthidore
Danny Barker,James P. Johnson
Danny Barker,Arnold Adams
Danny Barker,Albert Nicholas
Danny Barker,Big Sid Catlett
Danny Barker,Tommy Benford
Danny Barker,Charlie Elgar
Danny Barker,Harry Edison
Danny Barker,Fats Domino
Danny Barker,Louis Armstrong
Danny Barker,Lammar Wright
Danny Barker,Lucien Barbarin
Danny Barker,Oscar Celestin
Danny Barker,Jim Robinson
Danny Barker,Willie &quot;the Lion&quot; Smith
Danny Barker,Luckey Roberts
Danny Barker,Zutty Singleton
Danny Barker,Tommy Jones
Danny Barker,Sonny Greer
Danny Barker,Richard Mclean
Danny Barker,Sam Brown
Danny Barker,Dickie Wells
Danny Barker,Spencer Williams
Danny Barker,Lee Collins
Danny Barker,Joe Darensbourg
Danny Barker,Paul Whiteman
Danny Barker,Wellman Braud
Danny Barker,Carmen Mastren
Danny Barker,Tom Anderson
Danny Barker,Frankie Trumbauer
Danny Barker,Fate Marable
Danny Barker,Mamie Smith
Danny Barker,Susie Smith
Danny Barker,Sidney Bechet
Danny Barker,Charlie Bocage
Danny Barker,Charlie Shavers
Danny Barker,George Boyd
Danny Barker,Sid Catlett
Danny Barker,Lester Young
Danny Barker,Tal Farlow
Danny Barker,Barry Kernfeld
Danny Barker,John Marrerro
Danny Barker,Bennie Payne
Danny Barker,Albert Socarras
Danny Barker,Kid Ory
Danny Barker,Ma Rainey
Danny Barker,John Lewis
Danny Barker,Mary Ford
Danny Barker,Duke Ellington
Danny Barker,Lizzie Miles
Danny Barker,Andrew Brown
Danny Barker,Jefferson Parish
Danny Barker,Hilton Jefferson
Danny Barker,George Lewis
Danny Barker,Elvin Jones
Danny Barker,Bix Biederbecke
Danny Barker,Harry White
Danny Barker,Irving Mills
Danny Barker,Dave Rivera
Danny Barker,Chick Webb
Danny Barker,Bill Johnson
Danny Barker,Buck Clayton
Danny Barker,Lee Blair
Danny Barker,Cie Frazier
Danny Barker,Don Redman
Danny Barker,Louis Dumaine
Danny Barker,Kaiser Marshall
Danny Barker,Arnold Metoyer
Danny Barker,Buddie Petit
Danny Barker,Fats Waller
Danny Barker,Emile Labat
Danny Barker,Ben Webster
Danny Barker,Mayo Williams
Danny Barker,Ollie Powers
Danny Barker,Manuel Perez
Danny Barker,Theodore Purnell
Danny Barker,Harry Connick
Danny Barker,Tyree Glenn
Danny Barker,Alphonse Picou
Danny Barker,Freddie Green
Danny Barker,Les Paul
Danny Barker,Fanny Brice
Danny Barker,George Benson
Danny Barker,Wynton Marsalis
Danny Barker,Baron Lee
Danny Barker,Tony Jackson
Danny Barker,Herbert Morand
Danny Barker,Benny Goodman
Danny Barker,Chris Kelly
Danny Barker,Ralph Cooper
Danny Barker,Harold Dejan
Danny Barker,Jeff Williams
Danny Barker,Vernon Andrade
Danny Barker,Clarence Williams
Danny Barker,Paul Barbarin
Danny Barker,Roy Eldridge
Danny Barker,Isidore Barbarin
Danny Barker,George Givot
Danny Barker,Will Marion Cook
Danny Barker,Elvis Presley
Danny Barker,Freddie Keppard
Danny Barker,Lawrence Marrero
Danny Barker,Pops Foster
Danny Barker,Charlie Parker
Danny Barker,Joseph Thomas
Danny Barker,Jimmie Noone
Danny Barker,George Augustin
Danny Barker,Teddy Bunn
Danny Barker,Chester Zardis
Danny Barker,Joe Nicholas
Danny Barker,Sharkey Bonano
Danny Barker,Billy Taylor
Danny Barker,Buddy Johnson
Danny Barker,Walter Johnson
Danny Barker,John Smith
Danny Barker,Coleman Hawkins
Danny Barker,Willie Pajeaud
Danny Barker,Billy Fowler
Danny Barker,Son Thomas
Danny Barker,Narvin Kimball
Danny Barker,Freddie Guy
Danny Barker,Sam Morgan
Danny Barker,Little Brother Montgomery
Danny Barker,Louis Bibbs Lazard
Danny Barker,King Oliver
Danny Barker,Cab Calloway
Danny Barker,Emmanuel Sayles
Danny Barker,Ernest Trepagnier
Danny Barker,James Brown
Danny Barker,Allan Reuss
Danny Barker,Cozy Cole
Danny Barker,Andy Gibson
Danny Barker,Sammy Stewart
Danny Barker,Willie Humphrey
Danny Barker,James Rivers
Danny Barker,Joe Robichaux
Danny Barker,Don Albert
Danny Barker,Thad Jones
Danny Barker,Johnny Dodds
Danny Barker,David Jones
Danny Barker,Ike Dixon
Danny Barker,Billie Holiday
Danny Barker,Charlie Johnson
Danny Barker,Lawrence Toca
Danny Barker,Herb Mann
Danny Barker,Red Allen
Danny Barker,Bennie Moten
Danny Barker,Milt Hinton
Danny Barker,Brother Cornbread
Danny Barker,Black Benny
Danny Barker,John Trueheart
Danny Barker,Kid Howard
Danny Barker,Bobby Johnson
Danny Barker,Punch Miller
Danny Barker,Kid Rena
Danny Barker,Shannon Powell
http://dbpedia.org/resource/Eddie_%22Lockjaw%22_Davis,Count Basie
J.J. Johnson,Abbey Lincoln
J.J. Johnson,Annie Ross
J.J. Johnson,Delfeayo Marsalis
J.J. Johnson,Slide Hampton
J.J. Johnson,Toshiko Akiyoshi
Joe Thomas,Benny Waters
Joe Thomas,Benny Powell
http://dbpedia.org/resource/Artie_Shaw,Stanley Kay
Artie Shaw,Roy Haynes
Artie Shaw,Bob Haggart
Artie Shaw,Buddy DeFranco
Artie Shaw,Charles Davis
Artie Shaw,Louie Bellson
Bill Robinson,Louie Bellson
Bill Robinson,Mary Lou Williams
Arthur Fiedler,Toshiko Akiyoshi
Arthur Fiedler,Louie Bellson
Ed Sullivan,Nancy Wilson
Frank Foster,Toshiko Akiyoshi
Frank Foster,Lionel Hampton
Frank Foster,Joe Williams
Frank Foster,Stanley Kay
Frank Foster,Billy Eckstine
Frank Foster,Louie Bellson
Billy Strayhorn,Toshiko Akiyoshi
Billy Strayhorn,John Levy
Billy Strayhorn,Marian McPartland
Billy Strayhorn,Slide Hampton
Billy Strayhorn,Annie Ross
Billy Strayhorn,Bill Berry
Billy Strayhorn,Delfeayo Marsalis
Billy Strayhorn,Louie Bellson
Billy Strayhorn,Roy Haynes
Earl Swope,Louie Bellson
George Shearing,Ed Shaughnessy
George Shearing,Buddy DeFranco
George Shearing,John Levy
George Shearing,Joe Williams
George Shearing,Nancy Wilson
George Shearing,Jimmy Lewis
George Shearing,Herbie Hancock
George Shearing,Marian McPartland
George Shearing,Stanley Kay
http://dbpedia.org/resource/Illinois_Jacquet,Toshiko Akiyoshi
Illinois Jacquet,Milt Hinton
Illinois Jacquet,Benny Powell
Illinois Jacquet,Mary Lou Williams
Illinois Jacquet,Jimmy Scott
Illinois Jacquet,Lionel Hampton
Illinois Jacquet,Mona Hinton
Pete Johnson,Mary Lou Williams
Duke Ellington,Mary Lou Williams
Duke Ellington,Vi Redd
Duke Ellington,Abbey Lincoln
Duke Ellington,Toshiko Akiyoshi
Duke Ellington,Ed Shaughnessy
Duke Ellington,Red Holloway
Duke Ellington,Jane Jarvis
Duke Ellington,Jimmy Lewis
Duke Ellington,Milt Hinton
Duke Ellington,Charles Davis
Duke Ellington,Joe Williams
Duke Ellington,Bill Berry
Duke Ellington,Roy Haynes
Duke Ellington,Annie Ross
Duke Ellington,Roswell Rudd
Duke Ellington,Buster Williams
Duke Ellington,Mona Hinton
Duke Ellington,Lionel Hampton
Duke Ellington,Danny Barker
Duke Ellington,Dave Brubeck
Duke Ellington,Stanley Kay
Duke Ellington,John Levy
Duke Ellington,Slide Hampton
Duke Ellington,Billy Taylor
Duke Ellington,Benny Waters
Duke Ellington,Oscar Peterson
Duke Ellington,Marian McPartland
Duke Ellington,Melba Liston
Duke Ellington,Buddy DeFranco
Duke Ellington,Billy Eckstine
Duke Ellington,Delfeayo Marsalis
Duke Ellington,Louie Bellson
Duke Ellington,Clark Terry
Duke Ellington,Benny Powell
Duke Ellington,Jimmy Owens
Duke Ellington,Leslie Johnson
Duke Ellington,Harold Ousley
http://dbpedia.org/resource/Glenn_Miller,Roswell Rudd
Glenn Miller,Oscar Peterson
Glenn Miller,Slide Hampton
Glenn Miller,Louie Bellson
Glenn Miller,Lionel Hampton
Glenn Miller,Abbey Lincoln
Glenn Miller,Bob Haggart
Glenn Miller,Stanley Kay
Glenn Miller,Buddy DeFranco
Glenn Miller,Mona Hinton
http://dbpedia.org/resource/Ethel_Waters,Jane Jarvis
Ethel Waters,Mary Lou Williams
Ethel Waters,Louie Bellson
Ethel Waters,Buddy Tate
http://musicbrainz.org/artist/5c0f8878-5d26-446d-acad-8084816fb8be,Bob Haggart
http://dbpedia.org/resource/Ronald_Reagan,Louie Bellson
Ronald Reagan,David Murray
Ronald Reagan,Nancy Wilson
http://dbpedia.org/resource/Paul_Whiteman,Bob Haggart
Paul Whiteman,Doc Cheatham
Paul Whiteman,Danny Barker
Paul Whiteman,Annie Ross
http://id.loc.gov/authorities/names/no91029961,Herbie Hancock
Jack Costanzo,Louie Bellson
http://dbpedia.org/resource/Charles_Davis_(saxophonist),Fletcher Henderson
Charles Davis,Fats Navarro
Charles Davis,Clifford Jordan
Charles Davis,Gene Ammons
Charles Davis,Kenny Dorham
Charles Davis,Mel Lewis
Charles Davis,Thelonious Monk
Charles Davis,Rodney Kendrick
Charles Davis,Max Roach
Charles Davis,Clarence Henry
Charles Davis,Count Basie
Charles Davis,James Moody
Charles Davis,Alvin Queen
Charles Davis,Coleman Hawkins
Charles Davis,Lionel Hampton
Charles Davis,Walter Dyett
Charles Davis,Duke Ellington
Charles Davis,Billie Holiday
Charles Davis,John Coltrane
Charles Davis,Thad Jones
Charles Davis,Lester Young
Charles Davis,Dinah Washington
Charles Davis,Ben Webster
Charles Davis,Milt Hinton
Charles Davis,Clark Terry
Charles Davis,Charlie Parker
Charles Davis,Miles Davis
Charles Davis,Johnny Griffin
Charles Davis,Nat King Cole
Charles Davis,Benny Goodman
Charles Davis,Louis Jordan
Charles Davis,Von Freeman
Charles Davis,Ron Carter
Charles Davis,Sun Ra
Charles Davis,Artie Shaw
Charles Davis,Joe Williams
Charles Davis,Pat Patrick
Charles Davis,Sonny Rollins
Charles Davis,Dizzy Gillespie
Charles Davis,John Gilmore
http://dbpedia.org/resource/Jack_Benny,Jimmy Scott
http://dbpedia.org/resource/Yank_Lawson,Bob Haggart
Teddy Stewart,Roy Haynes
http://dbpedia.org/resource/Myra_Hess,Herbie Hancock
Myra Hess,Dave Brubeck
Dizzy Gillespie,Abbey Lincoln
Dizzy Gillespie,Jimmy Scott
Dizzy Gillespie,Phil Woods
Dizzy Gillespie,Mary Lou Williams
Dizzy Gillespie,Red Holloway
Dizzy Gillespie,Vi Redd
Dizzy Gillespie,Milt Hinton
Dizzy Gillespie,Dave Brubeck
Dizzy Gillespie,Melba Liston
Dizzy Gillespie,Sam Rivers
Dizzy Gillespie,Charles McPherson
Dizzy Gillespie,Annie Ross
Dizzy Gillespie,Bob Haggart
Dizzy Gillespie,Joe Williams
Dizzy Gillespie,Danny Barker
Dizzy Gillespie,Toshiko Akiyoshi
Dizzy Gillespie,Benny Powell
Dizzy Gillespie,Buddy DeFranco
Dizzy Gillespie,Jimmy Owens
Dizzy Gillespie,Slide Hampton
Dizzy Gillespie,Oscar Peterson
Dizzy Gillespie,Doc Cheatham
Dizzy Gillespie,Roy Haynes
Dizzy Gillespie,Billy Eckstine
Dizzy Gillespie,Buster Williams
Dizzy Gillespie,Ron Carter
Dizzy Gillespie,Roy Eldridge
Dizzy Gillespie,Charles Davis
Dizzy Gillespie,Louie Bellson
Dizzy Gillespie,Billy Taylor
http://dbpedia.org/resource/Al_Klink,Bob Haggart
Clifford Brown,Roy Haynes
Clifford Brown,Abbey Lincoln
Clifford Brown,Bill Berry
Clifford Brown,Buster Williams
Clifford Brown,Jimmy Owens
Clifford Brown,Toshiko Akiyoshi
Clifford Brown,Annie Ross
Clifford Brown,Billy Taylor
Clifford Brown,Delfeayo Marsalis
Martha Graham,Toshiko Akiyoshi
Ralph Cooper,Danny Barker
Edmond Hall,Mary Lou Williams
Bunny Briggs,Louie Bellson
Harry Edison,Joe Williams
Harry Edison,Stanley Kay
Harry Edison,Danny Barker
Harry Edison,Louie Bellson
Harry Edison,Buddy Tate
Urbie Green,Milt Hinton
Pearl Bailey,Roy Haynes
Pearl Bailey,Louie Bellson
Pearl Bailey,Jimmy Lewis
Pearl Bailey,Milt Hinton
http://dbpedia.org/resource/Bob_Hope,Toshiko Akiyoshi
http://dbpedia.org/resource/Horace_Silver,Buster Williams
Horace Silver,Jimmy Owens
Thelma Carpenter,Mary Lou Williams
Hot Lips Page,Mary Lou Williams
http://dbpedia.org/resource/Walter_Winchell,Louie Bellson
Walter Winchell,Annie Ross
Sid Catlett,Ed Shaughnessy
Sid Catlett,Joe Williams
Sid Catlett,Danny Barker
Sid Catlett,Billy Taylor
Sid Catlett,Roy Eldridge
Sid Catlett,Roy Haynes
Sid Catlett,Milt Hinton
Wilbur De Paris,Danny Barker
http://dbpedia.org/resource/Bull_Moose_Jackson,Annie Ross
Meade Lux Lewis,Louie Bellson
Red Norvo,Dave Brubeck
Red Norvo,Mary Lou Williams
http://dbpedia.org/resource/Bud_Freeman,Bob Haggart
Bud Freeman,Roswell Rudd
Bud Freeman,Marian McPartland
Erroll Garner,Mary Lou Williams
Erroll Garner,John Levy
Erroll Garner,Annie Ross
Erroll Garner,Louie Bellson
Herschel Evans,Mary Lou Williams
Herschel Evans,Buddy Tate
Herschel Evans,Billy Taylor
Sweets Edison,John Levy
http://dbpedia.org/resource/Ed_Lewis_(musician),Buddy Tate
http://dbpedia.org/resource/Max_Baer_(boxer),Clark Terry
Rex Stewart,Roy Eldridge
Rex Stewart,Louie Bellson
Al Hibbler,Nancy Wilson
Al Hibbler,Phil Woods
Jack Teagarden,Toshiko Akiyoshi
Jack Teagarden,Slide Hampton
Jack Teagarden,Milt Hinton
Jack Teagarden,Roswell Rudd
Jack Teagarden,Bob Haggart
Jack Teagarden,Ed Shaughnessy
James Brown,Louie Bellson
James Brown,Jimmy Scott
James Brown,Red Holloway
James Brown,Mona Hinton
James Brown,Roy Eldridge
James Brown,Danny Barker
http://dbpedia.org/resource/Symphony_Sid,Roy Haynes
Symphony Sid,Joe Williams
Symphony Sid,Billy Taylor
http://dbpedia.org/resource/Joe_Benjamin,Roy Haynes
http://dbpedia.org/resource/Howard_McGhee,Phil Woods
Howard McGhee,Toshiko Akiyoshi
Howard McGhee,Roy Haynes
Buddy Childers,Louie Bellson
http://dbpedia.org/resource/Milt_Jackson,Danny Barker
Milt Jackson,Phil Woods
Milt Jackson,Louie Bellson
Milt Jackson,Vi Redd
Luther Henderson,Nancy Wilson
Luther Henderson,Louie Bellson
http://dbpedia.org/resource/Terry_Gibbs,Louie Bellson
Terry Gibbs,Buddy DeFranco
Joseph Allard,Phil Woods
http://dbpedia.org/resource/Ben_Webster,John Levy
Ben Webster,Mary Lou Williams
Ben Webster,Buster Williams
Ben Webster,Clark Terry
Ben Webster,Vi Redd
Ben Webster,Billy Taylor
Ben Webster,Toshiko Akiyoshi
Ben Webster,Louie Bellson
Ben Webster,Charles Davis
Ben Webster,Danny Barker
Ben Webster,Mona Hinton
Ben Webster,Red Holloway
Ben Webster,Milt Hinton
Ben Webster,Delfeayo Marsalis
Ben Webster,Oscar Peterson
Ben Webster,Stanley Kay
Ben Webster,David Murray
http://dbpedia.org/resource/Arvell_Shaw,Roy Haynes
George Moore,Dave Brubeck
Bob Russell,Abbey Lincoln
Lawrence Tibbett,Joe Williams
Buddy Johnson,Slide Hampton
Buddy Johnson,Danny Barker
Hazel Scott,Mary Lou Williams
Hazel Scott,Marian McPartland
Hazel Scott,Abbey Lincoln
Hazel Scott,Vi Redd
Ralph Burns,Phil Woods
Junior Raglin,John Levy
Junior Raglin,Dave Brubeck
http://dbpedia.org/resource/George_Adams_(musician),Roy Haynes
John Levy,Eddie Harris
John Levy,Jimmie Lunceford
John Levy,Billy Paul
John Levy,Joe Jones
John Levy,Ben Webster
John Levy,Jesse Jackson
John Levy,Ramsey Lewis
John Levy,Chuck Wayne
John Levy,Miles Davis
John Levy,Oscar Pettiford
John Levy,Jonah Jones
John Levy,Ernie Andrews
John Levy,Charlie Parker
John Levy,Billy Strayhorn
John Levy,Sparky Tavares
John Levy,Orrin Keepnews
John Levy,Denzil Best
John Levy,Clark Terry
John Levy,Sam Jones
John Levy,Dick Bock
John Levy,Ahmad Jamal
John Levy,Buddy DeFranco
John Levy,Leslie Uggams
John Levy,Johnny Hodges
John Levy,Ed Fuerst
John Levy,Fletcher Henderson
John Levy,Eddie Cole
John Levy,Junior Raglin
John Levy,Milt Hinton
John Levy,Lena Horne
John Levy,Harry Gray
John Levy,Pete Brown
John Levy,Billy Shaw
John Levy,Buddy Rich
John Levy,Joe Glaser
John Levy,Cannonball Adderley
John Levy,Nancy Wilson
John Levy,John Collins
John Levy,Peggy Lee
John Levy,Ray Brown
John Levy,Wes Montgomery
John Levy,Donny Hathaway
John Levy,George Hudson
John Levy,Freddie Hubbard
John Levy,Cozy Cole
John Levy,Shelly Manne
John Levy,Joe Williams
John Levy,Dave Cavanaugh
John Levy,Tony Scott
John Levy,Sammy Davis Jr
John Levy,Mavis Staples
John Levy,Herbie Mann
John Levy,George Butler
John Levy,Brook Benton
John Levy,Frank Sinatra
John Levy,Benny Goodman
John Levy,Eubie Blake
John Levy,Eddie South
John Levy,Billie Holiday
John Levy,Herman Lubinsky
John Levy,Phil Moore
John Levy,Erroll Garner
John Levy,Cassandra Wilson
John Levy,Lucky Thompson
John Levy,Bob Wyatt
John Levy,George Shearing
John Levy,Roberta Flack
John Levy,Lawrence Brown
John Levy,Talib Dawud
John Levy,Slam Stewart
John Levy,Boyd Atkins
John Levy,Jerome Richardson
John Levy,Art Tatum
John Levy,Tony Bennett
John Levy,Tina Turner
John Levy,Quincy Jones
John Levy,Tiny Grimes
John Levy,Cab Calloway
John Levy,J.C. Higginbotham
John Levy,Anita O&#039;Day
John Levy,Ray Bryant
John Levy,Les McCann
John Levy,Dianne Reeves
John Levy,Ruby Dee
John Levy,Randy Crawford
John Levy,Dakota Staton
John Levy,Duke Ellington
John Levy,Nat King Cole
John Levy,Lionel Hampton
John Levy,Morris Levy
John Levy,Red Foxx
John Levy,Milton Berle
John Levy,Buddy Montgomery
John Levy,Israel Crosby
John Levy,Cootie Williams
John Levy,Dinah Washington
John Levy,Earl Warren
John Levy,Red Allen
John Levy,Betty Carter
John Levy,Teddi King
John Levy,Sonny Greer
John Levy,Jimmy Jones
John Levy,Sarah Vaughan
John Levy,Clyde Hart
John Levy,Sidney Miller
John Levy,Don Byas
John Levy,Shirley Horn
John Levy,Sweets Edison
John Levy,Carmen McRae
John Levy,Johnny Hartman
John Levy,Bill Cosby
John Levy,Harry Belafonte
John Levy,Truck Parham
John Levy,Norman Simmons
John Levy,Jimmy Blanton
John Levy,Shirley Scott
John Levy,Joe Louis
John Levy,Gail Fisher
John Levy,Jimmy Cobb
John Levy,Billy Taylor
John Levy,King Oliver
John Levy,Raymond Walters
John Levy,Stuff Smith
John Levy,Mundell Lowe
John Levy,George Wein
John Levy,Stanley Turrentine
John Levy,Rusty Bryant
John Levy,Joe Sherman
John Levy,Remo Palmier
John Levy,Harry Carney
John Levy,Fats Waller
John Levy,Lou Donaldson
John Levy,Stanley Kay
John Levy,Ed Shaughnessy
John Levy,Al McKibbon
John Levy,Earl Hines
John Levy,George DeHart
John Levy,Bobby Tucker
John Levy,Leonard Feather
John Levy,Harry Fox
John Levy,Celine Dion
John Levy,Nesuhi Ertegun
John Levy,Ruth Brown
John Levy,Barry Kernfeld
John Levy,Ahmet Ertegun
John Levy,Al Wilde
John Levy,Benny Carter
John Levy,Junior Mance
John Levy,Barbra Streisands
John Levy,Al Casey
John Levy,Noble Sissle
John Levy,Count Basie
John Levy,Wilson Pickett
John Levy,Lennie Tristano
http://dbpedia.org/resource/Joe_Newman_(trumpeter),Roy Haynes
Joe Newman,Oscar Peterson
Joe Newman,Billy Taylor
Herb Jeffries,Louie Bellson
Herb Jeffries,Melba Liston
Conte Candoli,Phil Woods
Conte Candoli,Louie Bellson
Louis Jordan,Louie Bellson
Louis Jordan,Charles Davis
Louis Jordan,Roy Haynes
Louis Jordan,Abbey Lincoln
Bobby Hackett,Mona Hinton
Bobby Hackett,Bob Haggart
http://dbpedia.org/resource/Max_Kaminsky_(musician),Roswell Rudd
Milton Cross,Joe Williams
Fred Robbins,Mary Lou Williams
http://dbpedia.org/resource/Benny_Morton,Milt Hinton
http://dbpedia.org/resource/George_Wettling,Roswell Rudd
George Wettling,Louie Bellson
Ahmad Jamal,John Levy
Ahmad Jamal,Ron Carter
Ahmad Jamal,Milt Hinton
Ahmad Jamal,Benny Powell
Stan Kenton,Billy Taylor
Stan Kenton,Buddy DeFranco
Stan Kenton,Doc Cheatham
Stan Kenton,Louie Bellson
Stan Kenton,Joe Williams
Stan Kenton,Toshiko Akiyoshi
Stan Kenton,Dave Brubeck
John Collins,John Levy
http://dbpedia.org/resource/Oscar_Peterson,Nat King Cole
Oscar Peterson,Bob Haggart
Oscar Peterson,Glenn Miller
Oscar Peterson,Sam Snead
Oscar Peterson,Buster Williams
Oscar Peterson,Johnny Hodges
Oscar Peterson,Marian McPartland
Oscar Peterson,Sam Rivers
Oscar Peterson,Jim Davis
Oscar Peterson,Otto Hardwick
Oscar Peterson,Art Tatum
Oscar Peterson,Herbie Hancock
Oscar Peterson,Ron Carter
Oscar Peterson,Roy Eldridge
Oscar Peterson,Clark Terry
Oscar Peterson,George Seany
Oscar Peterson,Joe Newman
Oscar Peterson,Ray Brown
Oscar Peterson,Roy Eldridge
Oscar Peterson,Andre Previn
Oscar Peterson,Coleman Hawkins
Oscar Peterson,Ed Shaughnessy
Oscar Peterson,Ernie Wilkins
Oscar Peterson,Lester Young
Oscar Peterson,Norman Granz
Oscar Peterson,Dizzy Gillespie
Oscar Peterson,Toshiko Akiyoshi
Oscar Peterson,Ed Thigpen
Oscar Peterson,Duke Ellington
Oscar Peterson,Josh Gibson
Oscar Peterson,Annie Ross
Oscar Peterson,Count Basie
Oscar Peterson,Benny Carter
Oscar Peterson,Benny Green
Oscar Peterson,Ella Fitzgerald
Oscar Peterson,Red Holloway
Oscar Peterson,Ben Webster
Oscar Peterson,Louie Bellson
Oscar Peterson,Buddy DeFranco
Oscar Peterson,Cat Anderson
Oscar Peterson,Harry Carney
Harold Baker,Mary Lou Williams
http://musicbrainz.org/artist/ca4861f2-04a8-4e6d-85bd-94c598988eff,Roy Haynes
Ravi Shankar,Louie Bellson
http://dbpedia.org/resource/Eddie_Condon,Marian McPartland
Eddie Condon,Roswell Rudd
http://dbpedia.org/resource/Al_Haig,Annie Ross
Al Haig,Roy Haynes
Helen Humes,Milt Hinton
Helen Humes,Gerald Wiggins
Helen Humes,Abbey Lincoln
Helen Humes,Jimmy Lewis
Helen Humes,Billy Taylor
James Reese Europe,Billy Taylor
http://dbpedia.org/resource/Eddie_Miller_(jazz_saxophonist),Bob Haggart
Shad Collins,Danny Barker
http://dbpedia.org/resource/Horace_Heidt,Stanley Kay
Josh White,Mary Lou Williams
http://dbpedia.org/resource/Phil_Spitalny,Stanley Kay
http://dbpedia.org/resource/Kansas_Fields,Roy Haynes
Lionel Hampton,Coleman Hawkins
Lionel Hampton,Benny Goodman
Lionel Hampton,Teddy Wilson
Lionel Hampton,Frank Foster
Lionel Hampton,Gladys Riddle
Lionel Hampton,Abbey Lincoln
Lionel Hampton,Joe Williams
Lionel Hampton,Dave Brubeck
Lionel Hampton,Louis Armstrong
Lionel Hampton,Sweets Edison
Lionel Hampton,Glenn Miller
Lionel Hampton,Ed Shaughnessy
Lionel Hampton,Red Holloway
Lionel Hampton,Louie Bellson
Lionel Hampton,Joe Sherman
Lionel Hampton,Charles Davis
Lionel Hampton,Jimmy Scott
Lionel Hampton,Ray Charles
Lionel Hampton,Eubie Blake
Lionel Hampton,Jabbo Smith
Lionel Hampton,Phil Woods
Lionel Hampton,Roy Eldridge
Lionel Hampton,Buddy Tate
Lionel Hampton,Harold Ousley
Lionel Hampton,Buddy Tate
Lionel Hampton,Duke Ellington
Lionel Hampton,Al Grey
Lionel Hampton,Vi Redd
Lionel Hampton,Quincy Jones
Lionel Hampton,Earl Hines
Lionel Hampton,Ernie Royal
Lionel Hampton,Dewey Redman
Lionel Hampton,John Levy
Lionel Hampton,Billy Taylor
Lionel Hampton,Lena Horne
Lionel Hampton,Count Basie
Lionel Hampton,Slide Hampton
Lionel Hampton,Lee Young
Lionel Hampton,Stevie Wonder
Lionel Hampton,Les Hite
Lionel Hampton,Jane Jarvis
Lionel Hampton,Milt Hinton
Lionel Hampton,Nancy Wilson
Lionel Hampton,Benny Powell
Lionel Hampton,Junior Mance
Lionel Hampton,Illinois Jacquet
Lionel Hampton,Dexter Gordon
Lionel Hampton,Clark Terry
Lionel Hampton,Milt Buckner
Lionel Hampton,Annie Ross
Lionel Hampton,Johnny Hodges
Lionel Hampton,Jimmy Owens
Lionel Hampton,Bill Berry
Lionel Hampton,Dinah Washington
Lionel Hampton,Lester Young
Lionel Hampton,Joe Glaser
Lionel Hampton,Marshall Royal
Lionel Hampton,Joshua Redman
http://dbpedia.org/resource/Les_Paul,Annie Ross
Les Paul,Danny Barker
Joe Louis,Red Holloway
Joe Louis,Clark Terry
Joe Louis,John Levy
http://dbpedia.org/resource/Billy_Taylor,Marian McPartland
Billy Taylor,Louis Armstrong
Billy Taylor,Lee Morgan
Billy Taylor,Joe Williams
Billy Taylor,David Baker
Billy Taylor,Stan Kenton
Billy Taylor,Roy Eldridge
Billy Taylor,Daphne Arnstein
Billy Taylor,Freddie Green
Billy Taylor,Lockjaw Davis
Billy Taylor,Billie Holiday
Billy Taylor,Jimmy Owens
Billy Taylor,Duke Pearson
Billy Taylor,Thad Jones
Billy Taylor,Hugues Panassie
Billy Taylor,Jimmie Lunceford
Billy Taylor,Chris White
Billy Taylor,Ben Webster
Billy Taylor,Milt Hinton
Billy Taylor,Mary Reese Europe
Billy Taylor,Jimmy McPartland
Billy Taylor,Clark Terry
Billy Taylor,Yusef Lateef
Billy Taylor,Joe Newman
Billy Taylor,Sweets Edison
Billy Taylor,Frank Wess
Billy Taylor,Ted Koppel
Billy Taylor,Otto Hardwick
Billy Taylor,James Reese Europe
Billy Taylor,Count Basie
Billy Taylor,Jimmy Rushing
Billy Taylor,Sid Catlett
Billy Taylor,Patti LaBelle
Billy Taylor,Herschel Evans
Billy Taylor,Robert Goffin
Billy Taylor,Lionel Hampton
Billy Taylor,Duke Ellington
Billy Taylor,Jo Jones
Billy Taylor,Clifford Brown
Billy Taylor,Jelly Roll Morton
Billy Taylor,Nina Simone
Billy Taylor,Henry Grant
Billy Taylor,Mary Lou Williams
Billy Taylor,Art Tatum
Billy Taylor,Toshiko Akiyoshi
Billy Taylor,Miles Davis
Billy Taylor,Lester Young
Billy Taylor,John Levy
Billy Taylor,Freddie Hubbard
Billy Taylor,Danny Barker
Billy Taylor,Bryant Gumble
Billy Taylor,Helen Humes
Billy Taylor,Bill Barron
Billy Taylor,Benny Waters
Billy Taylor,Symphony Sid
Billy Taylor,Fats Waller
Billy Taylor,Edward Brooke
Billy Taylor,Dizzy Gillespie
Billy Taylor,Ray Nance
Billy Taylor,Sidney Bechet
Billy Taylor,Bill Cosby
Billy Taylor,Walter Page
http://dbpedia.org/resource/Miles_Davis,Phil Woods
Miles Davis,John Levy
Miles Davis,Toshiko Akiyoshi
Miles Davis,Mary Lou Williams
Miles Davis,Dave Brubeck
Miles Davis,Nancy Wilson
Miles Davis,Roy Eldridge
Miles Davis,Delfeayo Marsalis
Miles Davis,Jimmy Owens
Miles Davis,Buster Williams
Miles Davis,Herbie Hancock
Miles Davis,Charles Davis
Miles Davis,Charles McPherson
Miles Davis,Billy Taylor
Miles Davis,Annie Ross
Miles Davis,Sam Rivers
Miles Davis,Roy Haynes
Miles Davis,Abbey Lincoln
Miles Davis,Ron Carter
http://dbpedia.org/resource/Cootie_Williams,Jimmy Lewis
Cootie Williams,Milt Hinton
Cootie Williams,John Levy
Cootie Williams,Bill Berry
Cootie Williams,Mona Hinton
http://dbpedia.org/resource/Denzil_Best,John Levy
Wynonie Harris,Jimmy Scott
http://dbpedia.org/resource/Shorty_Rogers,Toshiko Akiyoshi
http://id.loc.gov/authorities/names/n80050012.html,Ron Carter
Rudy Williams,Toshiko Akiyoshi
http://dbpedia.org/resource/Dave_Lambert_(American_jazz_vocalist),Annie Ross
Al Hall,Milt Hinton
Al Hall,Mary Lou Williams
Fletcher Henderson,Charles Davis
Fletcher Henderson,Louie Bellson
Fletcher Henderson,Benny Waters
Fletcher Henderson,John Levy
Fletcher Henderson,Mary Lou Williams
Fletcher Henderson,Danny Barker
Fletcher Henderson,Roy Eldridge
Fletcher Henderson,Roy Haynes
Fletcher Henderson,Milt Hinton
Fletcher Henderson,Jane Jarvis
Fletcher Henderson,Count Basie
http://dbpedia.org/resource/Sonny_Greer,Danny Barker
Sonny Greer,Milt Hinton
Sonny Greer,Roy Haynes
Sonny Greer,John Levy
Sonny Greer,Louie Bellson
Sonny Greer,Mary Lou Williams
http://dbpedia.org/resource/Chano_Pozo,Louie Bellson
Jimmy Heath,Toshiko Akiyoshi
Jimmy Heath,Buster Williams
Jimmy Heath,Jimmy Owens
Jimmy Heath,Roy Haynes
Barney Bigard,Louie Bellson
Barney Bigard,Danny Barker
Barney Bigard,Milt Hinton
http://dbpedia.org/resource/Luis_Russell,Danny Barker
Luis Russell,Roy Haynes
Luis Russell,Bob Haggart
http://dbpedia.org/resource/William_Randolph_Hearst,Annie Ross
http://dbpedia.org/resource/Jimmy_Jones_(pianist),Roy Haynes
Jimmy Jones,John Levy
Jimmy Jones,Milt Hinton
Jimmy Jones,Clark Terry
Jimmy Jones,Joe Williams
Jimmy Jones,Nancy Wilson
Dave Tough,Ed Shaughnessy
Dave Tough,Louie Bellson
Fats Navarro,Charles Davis
Fats Navarro,David Murray
Fats Navarro,Mary Lou Williams
Nat King Cole,Nancy Wilson
Nat King Cole,Oscar Peterson
Nat King Cole,Jimmy Scott
Nat King Cole,Red Holloway
Nat King Cole,Louie Bellson
Nat King Cole,Abbey Lincoln
Nat King Cole,Sam Rivers
Nat King Cole,Jimmy Lewis
Nat King Cole,Harold Ousley
Nat King Cole,Roy Haynes
Nat King Cole,John Levy
Nat King Cole,Vi Redd
Nat King Cole,Charles Davis
Nat King Cole,Buddy Tate
http://dbpedia.org/resource/Serge_Chaloff,Toshiko Akiyoshi
http://dbpedia.org/resource/Baby_Dodds,Danny Barker
Baby Dodds,Louie Bellson
Lester Young,Jimmy Lewis
Lester Young,Vi Redd
Lester Young,Sam Rivers
Lester Young,Roy Haynes
Lester Young,Bob Haggart
Lester Young,Stanley Kay
Lester Young,Benny Powell
Lester Young,Clark Terry
Lester Young,Charles Davis
Lester Young,Mary Lou Williams
Lester Young,Buddy Tate
Lester Young,Oscar Peterson
Lester Young,Danny Barker
Lester Young,Melba Liston
Lester Young,Joe Williams
Lester Young,Billy Taylor
Lester Young,Louie Bellson
Lester Young,Harold Ousley
Lester Young,Phil Woods
Lester Young,Annie Ross
Lester Young,Red Holloway
Lester Young,Lionel Hampton
Lester Young,Jimmy Scott
Lester Young,Roy Eldridge
John Benson Brooks,Milt Hinton
http://dbpedia.org/resource/Joe_Darensbourg,Danny Barker
Conrad Gozzo,Stanley Kay
http://dbpedia.org/resource/Remo_Palmier,John Levy
Walter Page,Mary Lou Williams
Walter Page,Clark Terry
Walter Page,Buddy Tate
Walter Page,Billy Taylor
http://dbpedia.org/resource/Gene_Krupa,Stanley Kay
Gene Krupa,Buddy DeFranco
Gene Krupa,Toshiko Akiyoshi
Gene Krupa,Roy Haynes
Gene Krupa,Louie Bellson
Gene Krupa,Roy Eldridge
Gene Krupa,Marian McPartland
http://dbpedia.org/resource/Danny_Alvin,Roswell Rudd
http://dbpedia.org/resource/Jimmie_Lunceford,John Levy
Jimmie Lunceford,Stanley Kay
Jimmie Lunceford,Mary Lou Williams
Jimmie Lunceford,Jimmy Scott
Jimmie Lunceford,Louie Bellson
Jimmie Lunceford,Billy Taylor
Jimmie Lunceford,Doc Cheatham
Jimmie Lunceford,Benny Waters
Jimmie Lunceford,Melba Liston
Jimmie Lunceford,Roy Haynes
Carmen McRae,Vi Redd
Carmen McRae,Roy Eldridge
Carmen McRae,Buddy Tate
Carmen McRae,Stanley Kay
Carmen McRae,Nancy Wilson
Carmen McRae,Abbey Lincoln
Carmen McRae,Dave Brubeck
Carmen McRae,John Levy
Carmen McRae,Annie Ross
Carmen McRae,Ron Carter
Danny Kaye,Nancy Wilson
http://dbpedia.org/resource/Budd_Johnson,Billy Eckstine
Budd Johnson,Milt Hinton
Budd Johnson,Clark Terry
Lucky Thompson,Toshiko Akiyoshi
Lucky Thompson,John Levy
Lucky Thompson,Melba Liston
Lucky Thompson,Clark Terry
"http://dbpedia.org/resource/Lammar_Wright,_Jr.",Danny Barker
http://dbpedia.org/resource/George_Lewis_(trombonist),Danny Barker
George Lewis,Leslie Johnson
Jimmy Rushing,Billy Taylor
Jimmy Rushing,Buddy DeFranco
http://dbpedia.org/resource/Jack_Lesberg,Stanley Kay
http://dbpedia.org/resource/Roy_Eldridge,Rex Stewart
Roy Eldridge,Carmen McRae
Roy Eldridge,Jimmy Blanton
Roy Eldridge,Bruno Jones
Roy Eldridge,Mary Lou Williams
Roy Eldridge,Stuff Smith
Roy Eldridge,Benny Goodman
Roy Eldridge,Dinah Washington
Roy Eldridge,Billy Taylor
Roy Eldridge,George Benson
Roy Eldridge,Ray Brown
Roy Eldridge,Marian McPartland
Roy Eldridge,Ella Fitzgerald
Roy Eldridge,Jane Jarvis
Roy Eldridge,Louie Bellson
Roy Eldridge,Eubie Blake
Roy Eldridge,Oscar Peterson
Roy Eldridge,Billie Holiday
Roy Eldridge,Stump Ellis
Roy Eldridge,Louis Armstrong
Roy Eldridge,Benny Carter
Roy Eldridge,Toshiko Akiyoshi
Roy Eldridge,Miles Davis
Roy Eldridge,Roswell Rudd
Roy Eldridge,Oscar Peterson
Roy Eldridge,Charlie Parker
Roy Eldridge,Fletcher Henderson
Roy Eldridge,Joe Jones
Roy Eldridge,Joe Eldridge
Roy Eldridge,Lionel Hampton
Roy Eldridge,Charlie Johnson
Roy Eldridge,Ed Shaughnessy
Roy Eldridge,Charlie Christian
Roy Eldridge,Sid Catlett
Roy Eldridge,Charles McPherson
Roy Eldridge,Coleman Hawkins
Roy Eldridge,Christopher Columbus
Roy Eldridge,Count Basie
Roy Eldridge,Billy Eckstine
Roy Eldridge,Danny Barker
Roy Eldridge,Red Nichols
Roy Eldridge,Herb Alpert
Roy Eldridge,Kenny Clark
Roy Eldridge,Jabbo Smith
Roy Eldridge,Alberta Hunter
Roy Eldridge,Andy Kirk
Roy Eldridge,Fats Waller
Roy Eldridge,James Brown
Roy Eldridge,Jonah Jones
Roy Eldridge,Annie Ross
Roy Eldridge,Gene Krupa
Roy Eldridge,Chu Berry
Roy Eldridge,Dizzy Gillespie
Roy Eldridge,Chick Webb
Roy Eldridge,Art Tatum
Roy Eldridge,Elmer Snowden
Roy Eldridge,Lester Young
Roy Eldridge,Norman Granz
Roy Eldridge,Milt Hinton
Sidney Bechet,Marian McPartland
Sidney Bechet,Danny Barker
Sidney Bechet,Roy Haynes
Sidney Bechet,Annie Ross
Sidney Bechet,Billy Taylor
Don Abney,Louie Bellson
Ray Brown,Buster Williams
Ray Brown,Roy Eldridge
Ray Brown,Bob Haggart
Ray Brown,Jimmy Lewis
Ray Brown,John Levy
Ray Brown,Oscar Peterson
Ray Brown,Toshiko Akiyoshi
Ray Brown,Louie Bellson
http://dbpedia.org/resource/Tommy_Potter,Annie Ross
Tommy Potter,Roy Haynes
Bud Powell,Phil Woods
Bud Powell,Sam Rivers
Bud Powell,Gerald Wiggins
Bud Powell,Slide Hampton
Bud Powell,Mary Lou Williams
Bud Powell,Abbey Lincoln
Bud Powell,Joe Williams
Bud Powell,Dave Brubeck
Bud Powell,Toshiko Akiyoshi
Bud Powell,Harold Ousley
Bud Powell,Ed Shaughnessy
Bud Powell,Roy Haynes
Bud Powell,Buddy DeFranco
Max Roach,Annie Ross
Max Roach,Jimmy Owens
Max Roach,Louie Bellson
Max Roach,Charles Davis
Max Roach,Delfeayo Marsalis
Max Roach,Toshiko Akiyoshi
Max Roach,Mary Lou Williams
Max Roach,Roswell Rudd
Max Roach,Gerald Wiggins
Max Roach,Buddy DeFranco
Max Roach,Roy Haynes
Max Roach,Ed Shaughnessy
Max Roach,Abbey Lincoln
Max Roach,Vi Redd
Cozy Cole,Roy Haynes
Cozy Cole,John Levy
Cozy Cole,Abbey Lincoln
Cozy Cole,Louie Bellson
Cozy Cole,Danny Barker
http://dbpedia.org/resource/Miff_Mole,Roswell Rudd
Miff Mole,Bob Haggart
Slam Stewart,Buster Williams
Slam Stewart,John Levy
http://dbpedia.org/resource/Ray_Nance,Louie Bellson
Ray Nance,Milt Hinton
Ray Nance,Buddy Tate
Ray Nance,Billy Taylor
Buddy Rich,Milt Hinton
Buddy Rich,Roy Haynes
Buddy Rich,Louie Bellson
Buddy Rich,John Levy
Buddy Rich,Jimmy Lewis
Buddy Rich,Ed Shaughnessy
Buddy Rich,Stanley Kay
Buddy Rich,Buddy Tate
http://id.loc.gov/authorities/names/no90003426.html,Danny Barker
Pete Candoli,Charles McPherson
Eva Jessye,Count Basie
http://dbpedia.org/resource/Will_Marion_Cook,Danny Barker
Jo Jones,Abbey Lincoln
Jo Jones,Louie Bellson
Jo Jones,Buddy Tate
Jo Jones,Danny Barker
Jo Jones,Buster Williams
Jo Jones,Clark Terry
Jo Jones,Stanley Kay
Jo Jones,Billy Taylor
Jo Jones,Gerald Wiggins
Jo Jones,Milt Hinton
Jo Jones,Roy Haynes
Jo Jones,Mary Lou Williams
Noble Sissle,John Levy
Earl Palmer,Louie Bellson
"http://dbpedia.org/resource/Sammy_Davis,_Jr.",Billy Eckstine
Sammy Davis Jr,John Levy
Sammy Davis Jr,Benny Powell
Sammy Davis Jr,Abbey Lincoln
http://dbpedia.org/resource/Shelly_Manne,Louie Bellson
Shelly Manne,John Levy
Shelly Manne,Roy Haynes
Shelly Manne,Toshiko Akiyoshi
http://dbpedia.org/resource/Bunk_Johnson,Roy Haynes
Bunk Johnson,Danny Barker
Bunk Johnson,Leslie Johnson
http://dbpedia.org/resource/Buddy_DeFranco,Albert Raymond Streit
Buddy DeFranco,Bix Beiderbecke
Buddy DeFranco,Ray Noble
Buddy DeFranco,Rudy Van Gelder
Buddy DeFranco,Anat Cohen
Buddy DeFranco,Dodo Marmarosa
Buddy DeFranco,Ray Bradbury
Buddy DeFranco,Terry Gibbs
Buddy DeFranco,Boyd Raeburn
Buddy DeFranco,Eddie Daniels
Buddy DeFranco,John Levy
Buddy DeFranco,Russell Garcia
Buddy DeFranco,Gene Krupa
Buddy DeFranco,Nelson Riddle
Buddy DeFranco,George Shearing
Buddy DeFranco,Jay Johnson
Buddy DeFranco,Ted Fiorito
Buddy DeFranco,Johnny Mintz
Buddy DeFranco,Tommy Dorsey
Buddy DeFranco,Whitney Balliett
Buddy DeFranco,Zoot Sims
Buddy DeFranco,Count Basie
Buddy DeFranco,George Handy
Buddy DeFranco,Stan Kenton
Buddy DeFranco,Willard Alexander
Buddy DeFranco,Lenny Lewis
Buddy DeFranco,Sonny Rollins
Buddy DeFranco,John Coltrane
Buddy DeFranco,Woody Herman
Buddy DeFranco,Bill Haley
Buddy DeFranco,Art Tatum
Buddy DeFranco,George Gershwin
Buddy DeFranco,Joe Wilder
Buddy DeFranco,Freddie Green
Buddy DeFranco,Louie Bellson
Buddy DeFranco,Ronnie Aldrich
Buddy DeFranco,Gus Johnson
Buddy DeFranco,Johnny Mince
Buddy DeFranco,Chick Corea
Buddy DeFranco,Cecil Taylor
Buddy DeFranco,Harry Belafonte
Buddy DeFranco,Lennie Tristano
Buddy DeFranco,Dizzy Gillespie
Buddy DeFranco,Jimmy Lewis
Buddy DeFranco,Elliot Lawrence
Buddy DeFranco,Barbara Walter
Buddy DeFranco,Nat Hentoff
Buddy DeFranco,Louis Armstrong
Buddy DeFranco,Rob Pronk
Buddy DeFranco,Kai Winding
Buddy DeFranco,Max Roach
Buddy DeFranco,Stan Getz
Buddy DeFranco,Lee Konitz
Buddy DeFranco,Joe Williams
Buddy DeFranco,Leonard Feather
Buddy DeFranco,Billie Holiday
Buddy DeFranco,Charlie Shavers
Buddy DeFranco,Glenn Miller
Buddy DeFranco,Johnny Richards
Buddy DeFranco,William D. Simone
Buddy DeFranco,Artie Shaw
Buddy DeFranco,Duke Ellington
Buddy DeFranco,Jimmy Lewis
Buddy DeFranco,Charlie Parker
Buddy DeFranco,Clark Terry
Buddy DeFranco,Jimmy Rushing
Buddy DeFranco,Benny Golson
Buddy DeFranco,Art Blakey
Buddy DeFranco,Oscar Peterson
Buddy DeFranco,Joyce DeFranco
Buddy DeFranco,Johnnie Davis
Buddy DeFranco,Norman Granz
Buddy DeFranco,Dave McKay
Buddy DeFranco,Ella Fitzgerald
Buddy DeFranco,Benny Goodman
Buddy DeFranco,Carl Jefferson
Buddy DeFranco,Bud Powell
Buddy DeFranco,Wardell Gray
Buddy DeFranco,Charlie Barnet
Buddy DeFranco,Leonard DeFranco
Buddy DeFranco,Fats Waller
http://dbpedia.org/resource/Arnett_Cobb,Red Holloway
Art Tatum,Oscar Peterson
Art Tatum,Sam Rivers
Art Tatum,Milt Hinton
Art Tatum,Marian McPartland
Art Tatum,Buddy DeFranco
Art Tatum,Toshiko Akiyoshi
Art Tatum,Jimmy Owens
Art Tatum,John Levy
Art Tatum,Roy Haynes
Art Tatum,Mary Lou Williams
Art Tatum,Dave Brubeck
Art Tatum,Gerald Wiggins
Art Tatum,Billy Taylor
Art Tatum,Billy Eckstine
Art Tatum,Buster Williams
Art Tatum,Roy Eldridge
Art Tatum,Louie Bellson
Buck Clayton,Joe Williams
Buck Clayton,Doc Cheatham
Buck Clayton,Annie Ross
Buck Clayton,Danny Barker
Buck Clayton,Buddy Tate
Buck Clayton,Mary Lou Williams
John Williams,Clark Terry
John Williams,Mary Lou Williams
Larry Darnell,Jimmy Scott
Leonard Feather,Annie Ross
Leonard Feather,Toshiko Akiyoshi
Leonard Feather,Mary Lou Williams
Leonard Feather,Dave Brubeck
Leonard Feather,Louie Bellson
Leonard Feather,Marian McPartland
Leonard Feather,Buddy DeFranco
Leonard Feather,Vi Redd
Leonard Feather,John Levy
http://musicbrainz.org/artist/9c0d71ab-f808-4d53-8b34-c144da7cc0df,Danny Barker
Bob Haggart,Artie Bernstein
Bob Haggart,Howard Alden
Bob Haggart,Oscar Peterson
Bob Haggart,Steve Brown
Bob Haggart,Al Klink
Bob Haggart,Ray Brown
Bob Haggart,Jerry Jerome
Bob Haggart,Jake Hanna
Bob Haggart,Ralph Sutton
Bob Haggart,Red Nichols
Bob Haggart,Paul Whiteman
Bob Haggart,Dizzy Gillespie
Bob Haggart,Lester Young
Bob Haggart,Randy Sandke
Bob Haggart,Jack Teagarden
Bob Haggart,Bud Freeman
Bob Haggart,Glenn Miller
Bob Haggart,Dan Barrett
Bob Haggart,Yank Lawson
Bob Haggart,Guy Lombardo
Bob Haggart,Doris Robbins
Bob Haggart,Jerry Gray
Bob Haggart,Louis Armstrong
Bob Haggart,Linda Rondstadt
Bob Haggart,Kenny Davern
Bob Haggart,Ray Bauduc
Bob Haggart,Artie Shaw
Bob Haggart,Vince Giordano
Bob Haggart,Tommy Dorsey
Bob Haggart,Jimmy Dorsey
Bob Haggart,Count Basie
Bob Haggart,Chu Berry
Bob Haggart,Eddie Miller
Bob Haggart,Jimmy Lewis
Bob Haggart,Scott LaFaro
Bob Haggart,George Masso
Bob Haggart,Milt Hinton
Bob Haggart,Bob Zurke
Bob Haggart,Matty Matlock
Bob Haggart,Gil Rodin
Bob Haggart,Miff Mole
Bob Haggart,Lawrence Welk
Bob Haggart,Gene Goldkette
Bob Haggart,Irving Berlin
Bob Haggart,Luis Russell
Bob Haggart,George Van Eps
Bob Haggart,Harold Arlen
Bob Haggart,Bill Evans
Bob Haggart,Cole Porter
Bob Haggart,Bobby Hackett
Bob Haggart,Cab Calloway
Bob Haggart,Bob Crosby
Bob Haggart,Jerome Kern
Bob Haggart,Coleman Hawkins
Bob Haggart,Benny Goodman
Bob Haggart,Jon-Erik Kellso
Bob Haggart,Ken Peplowski
Bob Haggart,Harry Allen
Bob Haggart,Ben Pollack
Bob Haggart,Tex Beneke
Bob Haggart,George Gershwin
Bob Haggart,Flip Phillips
Bob Haggart,Pops Foster
Billy Kyle,Dave Brubeck
Billy Kyle,Danny Barker
http://dbpedia.org/resource/George_Martin,Delfeayo Marsalis
http://dbpedia.org/resource/Gigi_Gryce,Sam Rivers
Gigi Gryce,Annie Ross
Percy Heath,Mary Lou Williams
http://dbpedia.org/resource/Al_Cohn,Phil Woods
Al Cohn,Stanley Kay
http://dbpedia.org/resource/Wellman_Braud,Danny Barker
Wellman Braud,Delfeayo Marsalis
Teddy Charles,Toshiko Akiyoshi
http://dbpedia.org/resource/Jonah_Jones,John Levy
Jonah Jones,Danny Barker
Jonah Jones,Roy Eldridge
http://dbpedia.org/resource/Earl_Bostic,Benny Waters
Earl Bostic,Stanley Kay
Rudolf Serkin,Toshiko Akiyoshi
http://dbpedia.org/resource/Lucky_Millinder,Buddy Tate
Lucky Millinder,Danny Barker
Lucky Millinder,Roy Haynes
Lucky Millinder,Jane Jarvis
Pops Foster,Roy Haynes
Pops Foster,Roswell Rudd
Pops Foster,Danny Barker
Pops Foster,Bob Haggart
Mel Powell,Louie Bellson
Mel Powell,Milt Hinton
http://dbpedia.org/resource/Benny_Goodman,Lionel Hampton
Benny Goodman,Slide Hampton
Benny Goodman,Roy Eldridge
Benny Goodman,Jimmy Scott
Benny Goodman,Roy Haynes
Benny Goodman,Ed Shaughnessy
Benny Goodman,Mary Lou Williams
Benny Goodman,Buddy Tate
Benny Goodman,Gerald Wiggins
Benny Goodman,Bill Berry
Benny Goodman,Marian McPartland
Benny Goodman,Stanley Kay
Benny Goodman,John Levy
Benny Goodman,Red Holloway
Benny Goodman,Milt Hinton
Benny Goodman,Dave Brubeck
Benny Goodman,Danny Barker
Benny Goodman,Doc Cheatham
Benny Goodman,Charles Davis
Benny Goodman,Roswell Rudd
Benny Goodman,Louie Bellson
Benny Goodman,Vi Redd
Benny Goodman,Benny Waters
Benny Goodman,Bob Haggart
Benny Goodman,Buddy DeFranco
http://dbpedia.org/resource/Fanny_Brice,Danny Barker
http://dbpedia.org/resource/Frankie_Trumbauer,Danny Barker
Bix Beiderbecke,Buddy DeFranco
Bix Beiderbecke,Leslie Johnson
Bix Beiderbecke,Phil Woods
Chuck Wayne,John Levy
http://dbpedia.org/resource/Barry_Ulanov,Mary Lou Williams
Barry Ulanov,Dave Brubeck
James Moody,Charles McPherson
James Moody,Charles Davis
James Moody,Nancy Wilson
James Moody,Annie Ross
http://dbpedia.org/resource/Dan_Minor,Buddy Tate
http://dbpedia.org/resource/Johnny_Williams_(blues_musician),Danny Barker
http://dbpedia.org/resource/George_Morrow_(bassist),Toshiko Akiyoshi
Kid Ory,Danny Barker
Kid Ory,Leslie Johnson
Kid Ory,Milt Hinton
Kid Ory,Vi Redd
Woody Herman,Dave Brubeck
Woody Herman,Milt Hinton
Woody Herman,Joe Williams
Woody Herman,Annie Ross
Woody Herman,Ed Shaughnessy
Woody Herman,Buddy DeFranco
Woody Herman,Louie Bellson
Woody Herman,Phil Woods
Woody Herman,Toshiko Akiyoshi
Woody Herman,Marian McPartland
Woody Herman,Mary Lou Williams
Woody Herman,Bill Berry
Woody Herman,Slide Hampton
Gus Johnson,Buddy DeFranco
Gus Johnson,Jimmy Lewis
Gus Johnson,Louie Bellson
http://dbpedia.org/resource/Sonny_Stitt,Red Holloway
Sonny Stitt,Buster Williams
Sonny Stitt,Nancy Wilson
Sonny Stitt,Ron Carter
Sonny Stitt,Vi Redd
Sonny Stitt,Toshiko Akiyoshi
Sonny Stitt,Roy Haynes
Sonny Stitt,Charles McPherson
http://dbpedia.org/resource/Luckey_Roberts,Danny Barker
Charlie Shavers,Milt Hinton
Charlie Shavers,Louie Bellson
Charlie Shavers,Toshiko Akiyoshi
Charlie Shavers,Danny Barker
Charlie Shavers,Doc Cheatham
Charlie Shavers,Buddy DeFranco
Charlie Shavers,Jimmy Owens
Charlie Shavers,Buddy Tate
Django Reinhardt,Annie Ross
Billie Holiday,Billy Taylor
Billie Holiday,Red Holloway
Billie Holiday,Roy Eldridge
Billie Holiday,Jimmy Lewis
Billie Holiday,Charles Davis
Billie Holiday,John Levy
Billie Holiday,Stanley Kay
Billie Holiday,Roy Haynes
Billie Holiday,Joe Williams
Billie Holiday,Jimmy Scott
Billie Holiday,Annie Ross
Billie Holiday,Jimmy Owens
Billie Holiday,Buddy DeFranco
Billie Holiday,Clark Terry
Billie Holiday,Melba Liston
Billie Holiday,Buddy Tate
Billie Holiday,Danny Barker
Billie Holiday,Mary Lou Williams
http://dbpedia.org/resource/Ted_Lewis_(musician),Doc Cheatham
http://dbpedia.org/resource/Milt_Buckner,Lionel Hampton
Aaron Copland,Toshiko Akiyoshi
Pee Wee Russell,Roswell Rudd
Lennie Tristano,Buddy DeFranco
Lennie Tristano,Annie Ross
Lennie Tristano,Dave Brubeck
Lennie Tristano,John Levy
http://dbpedia.org/resource/Bill_Davison,Marian McPartland
Wild Bill Davison,Roswell Rudd
Wild Bill Davison,Leslie Johnson
Eddie Cantor,Clark Terry
http://dbpedia.org/resource/Stan_Getz,Roy Haynes
Stan Getz,Abbey Lincoln
Stan Getz,Joe Williams
Stan Getz,Slide Hampton
Stan Getz,Delfeayo Marsalis
Stan Getz,Dave Brubeck
Stan Getz,Stanley Kay
Stan Getz,Buddy DeFranco
Stan Getz,Louie Bellson
Stan Getz,Toshiko Akiyoshi
Eubie Blake,Roy Eldridge
Eubie Blake,Lionel Hampton
Eubie Blake,Count Basie
Eubie Blake,John Levy
Rosa Ponselle,Joe Williams
http://dbpedia.org/resource/Herb_Ellis,Toshiko Akiyoshi
http://dbpedia.org/resource/Thelonious_Monk,Gerald Wiggins
Thelonious Monk,Slide Hampton
Thelonious Monk,Charles Davis
Thelonious Monk,Ed Shaughnessy
Thelonious Monk,Dave Brubeck
Thelonious Monk,Roy Haynes
Thelonious Monk,Roswell Rudd
Thelonious Monk,Delfeayo Marsalis
Thelonious Monk,Mary Lou Williams
Robert Harris,Mary Lou Williams
Eartha Kitt,Abbey Lincoln
http://dbpedia.org/resource/Peg_Leg_Bates,Stanley Kay
Peg Leg Bates,Red Holloway
Peg Leg Bates,Louie Bellson
Larry Storch,Abbey Lincoln
Charlie Johnson,Roy Eldridge
Charlie Johnson,Danny Barker
Charlie Johnson,Benny Waters
Bill Coleman,Mary Lou Williams
http://dbpedia.org/resource/Eddie_Durham,Danny Barker
William Vacchiano,Louie Bellson
Charles Mingus,Dave Brubeck
Charles Mingus,Annie Ross
Charles Mingus,Abbey Lincoln
Charles Mingus,Roy Haynes
Charles Mingus,Charles McPherson
Charles Mingus,Melba Liston
Charles Mingus,Jimmy Scott
Charles Mingus,Toshiko Akiyoshi
Charles Mingus,Jimmy Owens
George Gershwin,Buddy DeFranco
George Gershwin,Roy Haynes
George Gershwin,Nancy Wilson
George Gershwin,Bob Haggart
http://dbpedia.org/resource/J._C._Heard,Annie Ross
J. C. Heard,Louie Bellson
J. C. Heard,Mary Lou Williams
Otto Hardwick,Oscar Peterson
Otto Hardwick,Billy Taylor
http://dbpedia.org/resource/Artie_Bernstein,Bob Haggart
http://dbpedia.org/resource/Cat_Anderson,Roy Haynes
Cat Anderson,Bill Berry
Cat Anderson,Louie Bellson
Cat Anderson,Oscar Peterson
Charlie Ventura,Ed Shaughnessy
Charlie Ventura,Benny Powell
John Hammond,Dave Brubeck
John Hammond,Mary Lou Williams
David Stone Martin,Mary Lou Williams
Allan Reuss,Danny Barker
http://dbpedia.org/resource/Kai_Winding,Roy Haynes
Kai Winding,Buddy DeFranco
Kai Winding,Mary Lou Williams
Vincent Lopez,Toshiko Akiyoshi
Cab Calloway,Doc Cheatham
Cab Calloway,Louie Bellson
Cab Calloway,Milt Hinton
Cab Calloway,Abbey Lincoln
Cab Calloway,Mona Hinton
Cab Calloway,Roy Haynes
Cab Calloway,John Levy
Cab Calloway,Mary Lou Williams
Cab Calloway,Billy Eckstine
Cab Calloway,Danny Barker
Cab Calloway,Bob Haggart
Louie Bellson,Rex Stewart
Louie Bellson,Fletcher Henderson
Louie Bellson,Christian McBride
Louie Bellson,Louis Armstrong
Louie Bellson,Art Blakey
Louie Bellson,Ed Straight
Louie Bellson,Billy Cobham
Louie Bellson,Don Redman
Louie Bellson,Terry Gibbs
Louie Bellson,James Brown
Louie Bellson,Tony Williams
Louie Bellson,Frank Strazzeri
Louie Bellson,Jo Jones
Louie Bellson,Ed Shaughnessy
Louie Bellson,Ella Fitzgerald
Louie Bellson,Lucille Ball
Louie Bellson,Ray Nance
Louie Bellson,Patricia Willard
Louie Bellson,Trevor Feldman
Louie Bellson,Oscar Pettiford
Louie Bellson,John Kirby
Louie Bellson,Bill Cosby
Louie Bellson,Buster Cooper
Louie Bellson,Marshall Royal
Louie Bellson,Roy Haynes
Louie Bellson,Mike Manieri
Louie Bellson,Alla Rakha
Louie Bellson,Buddy Baker
Louie Bellson,Norman Granz
Louie Bellson,O&#039;Neill Spencer
Louie Bellson,Charlie Christian
Louie Bellson,John Heard
Louie Bellson,Pete Christlieb
Louie Bellson,Bela Bartok
Louie Bellson,Glenn Miller
Louie Bellson,Max Roach
Louie Bellson,Paul Barbarin
Louie Bellson,Bunny Briggs
Louie Bellson,Joe Pass
Louie Bellson,Blue Mitchell
Louie Bellson,Cab Calloway
Louie Bellson,Fred Astaire
Louie Bellson,Candy Candido
Louie Bellson,Sweets Edison
Louie Bellson,Joel Leach
Louie Bellson,Francisco Aguabella
Louie Bellson,Bill Robinson
Louie Bellson,Jose Bettancourt
Louie Bellson,Speckled Red
Louie Bellson,Mert Oliver
Louie Bellson,Doc Severinsen
Louie Bellson,John Lamb
Louie Bellson,Al Grey
Louie Bellson,Barney Bigard
Louie Bellson,George Steinbrenner
Louie Bellson,Butch Miles
Louie Bellson,Roy Eldridge
Louie Bellson,Johnny Coles
Louie Bellson,Nat King Cole
Louie Bellson,Ted Reed
Louie Bellson,Burt Porter
Louie Bellson,Maurice Perez
Louie Bellson,Tom Whaley
Louie Bellson,Zoot Sims
Louie Bellson,Timmie Rogers
Louie Bellson,Vic Feldman
Louie Bellson,Charley Wilcoxon
Louie Bellson,Tony Bennett
Louie Bellson,Buddy Rich
Louie Bellson,Alan Dawson
Louie Bellson,Clare Fischer
Louie Bellson,Cliff Hill
Louie Bellson,Jimmie Lunceford
Louie Bellson,Max Manne
Louie Bellson,Neal Hefti
Louie Bellson,Ronald Reagan
Louie Bellson,Benny Bailey
Louie Bellson,Shadow Wilson
Louie Bellson,Frank Ippolito
Louie Bellson,Lionel Hampton
Louie Bellson,Nicholas Payton
Louie Bellson,Coleman Hawkins
Louie Bellson,Tommy Newsome
Louie Bellson,Angelo Tompros
Louie Bellson,Jimmie Rowles
Louie Bellson,Howard Johnson
Louie Bellson,Baby Laurence
Louie Bellson,Billy Gladstone
Louie Bellson,Steve Gadd
Louie Bellson,Virgil Donati
Louie Bellson,Joe Romano
Louie Bellson,Teddy Hale
Louie Bellson,Count Basie
Louie Bellson,Chick Webb
Louie Bellson,Shelly Manne
Louie Bellson,Milt Grayson
Louie Bellson,Will Bradley
Louie Bellson,Leon &quot;Ndugu&quot; Chancler
Louie Bellson,Gil Breines
Louie Bellson,Betty Hutton
Louie Bellson,Stan Kenton
Louie Bellson,Woody Herman
Louie Bellson,Bubber Miley
Louie Bellson,Sonny Payne
Louie Bellson,George Lawrence Stone
Louie Bellson,David Friedman
Louie Bellson,Charlie Shavers
Louie Bellson,Clark Terry
Louie Bellson,Charlie Parker
Louie Bellson,Jimmy Hamilton
Louie Bellson,Dennis Chambers
Louie Bellson,Dick Cheney
Louie Bellson,Snooky Young
Louie Bellson,Vic Firth
Louie Bellson,Wayne Newton
Louie Bellson,June Haver
Louie Bellson,Jackie Gleason
Louie Bellson,Russell Procope
Louie Bellson,John Coltrane
Louie Bellson,Thomas Lang
Louie Bellson,Sandy Nelson
Louie Bellson,Steve Allen
Louie Bellson,Al Jolson
Louie Bellson,Freddie Green
Louie Bellson,Frank Wess
Louie Bellson,Keely Smith
Louie Bellson,Dave Tough
Louie Bellson,Dave Barbour
Louie Bellson,Ralph Peterson
Louie Bellson,Sonny Rollins
Louie Bellson,Baby Dodds
Louie Bellson,Barry Harris
Louie Bellson,Buddy DeFranco
Louie Bellson,Tina Turner
Louie Bellson,Teddy Wilson
Louie Bellson,Harvey Mason
Louie Bellson,Jeff Hamilton
Louie Bellson,Kenny Clarke
Louie Bellson,David Garibaldi
Louie Bellson,Peg Leg Bates
Louie Bellson,Louis Prima
Louie Bellson,Maceo Parker
Louie Bellson,Sarah Vaughan
Louie Bellson,Joe Nanton
Louie Bellson,Ignacio Berroa
Louie Bellson,Ted Nash
Louie Bellson,Ben Webster
Louie Bellson,Mickey Roker
Louie Bellson,John Bunch
Louie Bellson,Mickey Hart
Louie Bellson,William Vacchiano
Louie Bellson,Argo Percy Walker
Louie Bellson,Cachao Lopez
Louie Bellson,Joshua Redman
Louie Bellson,Thad Jones
Louie Bellson,Sam Woodyard
Louie Bellson,Bing Crosby
Louie Bellson,Benny Carter
Louie Bellson,Ed Thigpen
Louie Bellson,Stan Irwin
Louie Bellson,Walter Winchell
Louie Bellson,Milt Hinton
Louie Bellson,Louis Jordan
Louie Bellson,Jimmy Crawford
Louie Bellson,Quincy Jones
Louie Bellson,Bill Bailey
Louie Bellson,Don Menza
Louie Bellson,Giovanni Hidalgo
Louie Bellson,Elvin Jones
Louie Bellson,John McLaughlin
Louie Bellson,Ethel Waters
Louie Bellson,Jimmy Cheatham
Louie Bellson,Gus Johnson
Louie Bellson,Maurice Ravel
Louie Bellson,Harold Farberman
Louie Bellson,Dave Brubeck
Louie Bellson,Cozy Cole
Louie Bellson,Wild Bill Davis
Louie Bellson,Gregg Bissonette
Louie Bellson,Bernie Mac
Louie Bellson,Paul Humphrey
Louie Bellson,Mel Powell
Louie Bellson,Earl Palmer
Louie Bellson,Bill Holman
Louie Bellson,Jon Faddis
Louie Bellson,Juan Tizol
Louie Bellson,Dave Weckl
Louie Bellson,Harry Carney
Louie Bellson,Jim Chapin
Louie Bellson,Pearl Bailey
Louie Bellson,Gene Krupa
Louie Bellson,Carol Channing
Louie Bellson,Karl Glassman
Louie Bellson,Leonard Feather
Louie Bellson,Jeff Castleman
Louie Bellson,Ronnie Scott
Louie Bellson,Stan Levey
Louie Bellson,Murray Spivack
Louie Bellson,Lawrence Brown
Louie Bellson,Jack Costanzo
Louie Bellson,Remo Belli
Louie Bellson,Harry Edison
Louie Bellson,Herb Jeffries
Louie Bellson,Bud Hobgood
Louie Bellson,Buddy Childers
Louie Bellson,Randy Brecker
Louie Bellson,Pat LaBarbera
Louie Bellson,Frank Rosolino
Louie Bellson,Milt Jackson
Louie Bellson,Stanley Dance
Louie Bellson,Rosemary Clooney
Louie Bellson,J. C. Heard
Louie Bellson,Butch Ballard
Louie Bellson,Morris Goldenberg
Louie Bellson,Billy Strayhorn
Louie Bellson,Jason Harnell
Louie Bellson,Manolo Badrena
Louie Bellson,Ernie Wilkins
Louie Bellson,Louis Bellson
Louie Bellson,Ray McKinley
Louie Bellson,James Taylor
Louie Bellson,Sonny Greer
Louie Bellson,Sam Rowland
Louie Bellson,Marky Markowitz
Louie Bellson,Jimmy Cleveland
Louie Bellson,Joe Morello
Louie Bellson,Andy Williams
Louie Bellson,Lou Levy
Louie Bellson,Erroll Garner
Louie Bellson,Keith Copeland
Louie Bellson,Chano Pozo
Louie Bellson,Jerry Winters
Louie Bellson,Ron Carter
Louie Bellson,Luis Conte
Louie Bellson,Billy May
Louie Bellson,Vinnie Colaiuta
Louie Bellson,Alex Acuna
Louie Bellson,Ron Falter
Louie Bellson,Leon Mobley
Louie Bellson,Stan Getz
Louie Bellson,Big Sid Catlett
Louie Bellson,Lester Young
Louie Bellson,Ted FioRito
Louie Bellson,Zakir Hussain
Louie Bellson,Tommy Dorsey
Louie Bellson,Emil Richards
Louie Bellson,Charlie Barnet
Louie Bellson,Cat Anderson
Louie Bellson,Don Abney
Louie Bellson,Zutty Singleton
Louie Bellson,Duke Ellington
Louie Bellson,Bobby Shew
Louie Bellson,Benny Goodman
Louie Bellson,Bob Florence
Louie Bellson,Ravi Shankar
Louie Bellson,Joya Sherrill
Louie Bellson,Mel Lewis
Louie Bellson,Conte Candoli
Louie Bellson,Harold Jones
Louie Bellson,Artie Shaw
Louie Bellson,Joe Williams
Louie Bellson,Sam Rivers
Louie Bellson,Carmen Cavallaro
Louie Bellson,Steve Smith
Louie Bellson,Horacio &quot;El Negro&quot; Hernandez
Louie Bellson,George Wettling
Louie Bellson,Don Lamond
Louie Bellson,Dannie Richmond
Louie Bellson,Frank Foster
Louie Bellson,Perry Como
Louie Bellson,Harry James
Louie Bellson,Michael Brecker
Louie Bellson,Luther Henderson
Louie Bellson,John Thomas
Louie Bellson,Oscar Peterson
Louie Bellson,Johnny Hodges
Louie Bellson,Charlie Smith
Louie Bellson,Johnny Hartman
Louie Bellson,Art Tatum
Louie Bellson,Dizzy Gillespie
Louie Bellson,Nicholas Brothers
Louie Bellson,Roy Knapp
Louie Bellson,Meade Lux Lewis
Louie Bellson,Oliver Nelson
Louie Bellson,Arthur Fiedler
Louie Bellson,Marty Berman
Louie Bellson,Peggy Lee
Louie Bellson,Earl Swope
Louie Bellson,Willie Smith
Louie Bellson,Bob Cranshaw
Louie Bellson,Nick DiMaio
Louie Bellson,Ray Brown
Louie Bellson,George Duvivier
Charlie Holmes,Roy Haynes
http://dbpedia.org/resource/Ella_Fitzgerald,Benny Waters
Ella Fitzgerald,Louie Bellson
Ella Fitzgerald,Mona Hinton
Ella Fitzgerald,Clark Terry
Ella Fitzgerald,Roy Haynes
Ella Fitzgerald,Abbey Lincoln
Ella Fitzgerald,Roy Eldridge
Ella Fitzgerald,Vi Redd
Ella Fitzgerald,Bill Berry
Ella Fitzgerald,Toshiko Akiyoshi
Ella Fitzgerald,Annie Ross
Ella Fitzgerald,Stanley Kay
Ella Fitzgerald,Red Holloway
Ella Fitzgerald,Oscar Peterson
Ella Fitzgerald,Jimmy Scott
Ella Fitzgerald,Buddy DeFranco
Ella Fitzgerald,Mary Lou Williams
http://musicbrainz.org/artist/19eea818-34bd-4250-ba77-8bc88dfd8774,Phil Woods
http://dbpedia.org/resource/Johnny_Hartman,John Levy
Johnny Hartman,Louie Bellson
Kenny Clarke,Slide Hampton
Kenny Clarke,Mary Lou Williams
Kenny Clarke,Louie Bellson
Kenny Clarke,Roy Haynes
Kenny Clarke,Ed Shaughnessy
Kenny Clarke,Annie Ross
Billy Eckstine,Sam Rivers
Billy Eckstine,Mary Lou Williams
Billy Eckstine,Benny Powell
Billy Eckstine,Sammy Davis Jr
Billy Eckstine,Mona Hinton
Billy Eckstine,Earl Hines
Billy Eckstine,Red Holloway
Billy Eckstine,Milt Hinton
Billy Eckstine,Charlie Parker
Billy Eckstine,Budd Johnson
Billy Eckstine,Nancy Wilson
Billy Eckstine,Jimmy Scott
Billy Eckstine,Bobby Tucker
Billy Eckstine,Annie Ross
Billy Eckstine,Thelonius Monk
Billy Eckstine,Roy Haynes
Billy Eckstine,Clark Terry
Billy Eckstine,Jay McShann
Billy Eckstine,Dizzy Gillespie
Billy Eckstine,Roy Eldridge
Billy Eckstine,Frank Foster
Billy Eckstine,Cab Calloway
Billy Eckstine,Quincy Jones
Billy Eckstine,Art Tatum
Billy Eckstine,Vi Redd
Billy Eckstine,Jimmy Lewis
Billy Eckstine,Duke Ellington
Billy Eckstine,Earl Partello
Billy Eckstine,Slide Hampton
Billy Eckstine,Andy Kirk
Billy Eckstine,Anne Brown
Billy Eckstine,Sarah Vaughan
Paul Desmond,Dave Brubeck
Walter Johnson,Danny Barker
http://dbpedia.org/resource/Sahib_Shihab,Roy Haynes
http://dbpedia.org/resource/Tommy_Dorsey,Stanley Kay
Tommy Dorsey,Melba Liston
Tommy Dorsey,Gerald Wiggins
Tommy Dorsey,Buddy DeFranco
Tommy Dorsey,Danny Barker
Tommy Dorsey,Ed Shaughnessy
Tommy Dorsey,Bob Haggart
Tommy Dorsey,Benny Powell
Tommy Dorsey,Slide Hampton
Tommy Dorsey,Jimmy Scott
Tommy Dorsey,Louie Bellson
Tommy Dorsey,Mona Hinton
http://dbpedia.org/resource/Fats_Waller,Roswell Rudd
Fats Waller,Danny Barker
Fats Waller,Buster Williams
Fats Waller,Roy Haynes
Fats Waller,Count Basie
Fats Waller,Roy Eldridge
Fats Waller,Mary Lou Williams
Fats Waller,John Levy
Fats Waller,Billy Taylor
Fats Waller,Buddy DeFranco
Dinah Washington,Roy Eldridge
Dinah Washington,Buddy Tate
Dinah Washington,Charles Davis
Dinah Washington,Gerald Wiggins
Dinah Washington,John Levy
Dinah Washington,Abbey Lincoln
Dinah Washington,Jimmy Scott
Dinah Washington,Annie Ross
Dinah Washington,Lionel Hampton
Dinah Washington,Roy Haynes
Sammy Price,Mary Lou Williams
Eddie South,Milt Hinton
Eddie South,John Levy
Timmie Rogers,Louie Bellson
http://id.loc.gov/authorities/names/no2003053125,Stanley Kay
Frankie Laine,Stanley Kay
Imogene Coca,Mary Lou Williams
http://dbpedia.org/resource/Tony_Scott_(musician),John Levy
Tony Scott,Ed Shaughnessy
http://dbpedia.org/resource/Joe_Comfort,Jimmy Lewis
http://dbpedia.org/resource/Red_Rodney,Buddy Tate
Red Rodney,Roy Haynes
Red Rodney,Sam Rivers
Trummy Young,Benny Waters
Trummy Young,Slide Hampton
Trummy Young,Benny Powell
http://dbpedia.org/resource/Anne_Brown,Billy Eckstine
http://dbpedia.org/resource/Charlie_Parker,Slide Hampton
Charlie Parker,Buddy Tate
Charlie Parker,John Levy
Charlie Parker,Doc Cheatham
Charlie Parker,Buster Williams
Charlie Parker,Roy Haynes
Charlie Parker,Ed Shaughnessy
Charlie Parker,Clark Terry
Charlie Parker,Billy Eckstine
Charlie Parker,Roy Eldridge
Charlie Parker,Louie Bellson
Charlie Parker,Harold Ousley
Charlie Parker,Abbey Lincoln
Charlie Parker,Jimmy Scott
Charlie Parker,Charles Davis
Charlie Parker,Vi Redd
Charlie Parker,Phil Woods
Charlie Parker,Dave Brubeck
Charlie Parker,Bill Berry
Charlie Parker,Sam Rivers
Charlie Parker,Red Holloway
Charlie Parker,Mary Lou Williams
Charlie Parker,Charles McPherson
Charlie Parker,Annie Ross
Charlie Parker,Milt Hinton
Charlie Parker,Danny Barker
Charlie Parker,Roswell Rudd
Charlie Parker,Toshiko Akiyoshi
Charlie Parker,Buddy DeFranco
Charlie Parker,Benny Waters
Charlie Parker,Benny Powell
http://dbpedia.org/resource/Juan_Tizol,Louie Bellson
Benny Powell,Benny Green
Benny Powell,Vi Redd
Benny Powell,Billy Eckstine
Benny Powell,Count Basie
Benny Powell,Charlie Fowlkes
Benny Powell,Ornette Coleman
Benny Powell,Benny Bailey
Benny Powell,Lester Young
Benny Powell,Ahmad Jamal
Benny Powell,Dizzy Gillespie
Benny Powell,Slide Hampton
Benny Powell,Illinois Jacquet
Benny Powell,Vernel Fournier
Benny Powell,Ruth Brown
Benny Powell,Aretha Franklin
Benny Powell,Tony Bennett
Benny Powell,Tommy Dorsey
Benny Powell,Randy Weston
Benny Powell,Frank Sinatra
Benny Powell,Stevie Wonder
Benny Powell,Joe Thomas
Benny Powell,Sammy Davis Jr
Benny Powell,Trummy Young
Benny Powell,Brian Smith
Benny Powell,Lionel Hampton
Benny Powell,Barbra Streisand
Benny Powell,Duke Ellington
Benny Powell,Victor Borge
Benny Powell,John Coltrane
Benny Powell,Eddie Pierson
Benny Powell,Talib Kibwe
Benny Powell,Al Harewood
Benny Powell,Charlie Parker
Benny Powell,Charlie Ventura
Benny Powell,Art Farmer
http://dbpedia.org/resource/Tony_Parenti,Roswell Rudd
James Taylor,Louie Bellson
Earl Warren,Buddy Tate
Earl Warren,Doc Cheatham
Earl Warren,John Levy
Clyde Hart,John Levy
http://dbpedia.org/resource/Kaiser_Marshall,Danny Barker
Katherine Dunham,Mary Lou Williams
John Lewis,Nancy Wilson
John Lewis,Danny Barker
John Lewis,Annie Ross
John Lewis,Toshiko Akiyoshi
http://dbpedia.org/resource/Mary_Ford,Danny Barker
Mary Ford,Annie Ross
http://dbpedia.org/resource/Sam_Wooding,Doc Cheatham
Sam Wooding,Leslie Johnson
http://dbpedia.org/resource/Erskine_Hawkins,Roy Haynes
Erskine Hawkins,Toshiko Akiyoshi
Dickie Wells,Danny Barker
Dickie Wells,Buddy Tate
http://dbpedia.org/resource/David_Murray_(saxophonist),John Coltrane
David Murray,Jaribu Shahid
David Murray,Pharoah Sanders
David Murray,Bobby Bradford
David Murray,Pharrell Williams
David Murray,James Newton
David Murray,Taj Mahal
David Murray,Jerry Garcia
David Murray,Ishmael Reed
David Murray,Ronald Reagan
David Murray,John Carter
David Murray,Jimi Hendrix
David Murray,Kip Hanrahan
David Murray,James Blood Ulmer
David Murray,Malcolm X
David Murray,Avery Brooks
David Murray,Ornette Coleman
David Murray,Phil Hardymon
David Murray,Fats Navarro
David Murray,Manolito Simonet
David Murray,Michael Nash
David Murray,Bobby Seale
David Murray,Bob Weir
David Murray,Phil Lesh
David Murray,D&#039;Army Bailey
David Murray,Sonny Rollins
David Murray,Ben Webster
David Murray,Hamid Drake
David Murray,Billy Hart
David Murray,Coleman Hawkins
David Murray,Clifford Jordan
David Murray,Stevie Wonder
http://dbpedia.org/resource/Teddy_Wilson,Lionel Hampton
Teddy Wilson,Milt Hinton
Teddy Wilson,Buddy Tate
Teddy Wilson,Toshiko Akiyoshi
Teddy Wilson,Louie Bellson
Teddy Wilson,Dave Brubeck
Teddy Wilson,Mona Hinton
Teddy Wilson,Ed Shaughnessy
Shadow Wilson,Louie Bellson
Shadow Wilson,Roy Haynes
Shadow Wilson,Stanley Kay
http://dbpedia.org/resource/Earl_Hines,Danny Barker
Earl Hines,Billy Eckstine
Earl Hines,Milt Hinton
Earl Hines,Clark Terry
Earl Hines,Lionel Hampton
Earl Hines,Jane Jarvis
Earl Hines,Jimmy Scott
Earl Hines,John Levy
Earl Hines,Mary Lou Williams
Earl Hines,Roy Haynes
http://dbpedia.org/resource/Ernie_Royal,Lionel Hampton
Mildred Bailey,Mary Lou Williams
Charles Ives,Dave Brubeck
Charles Ives,Roswell Rudd
Charles Ives,Charles McPherson
James P. Johnson,Roy Haynes
James P. Johnson,Danny Barker
James P. Johnson,Mary Lou Williams
James P. Johnson,Roswell Rudd
http://dbpedia.org/resource/John_Kirby_(musician),Danny Barker
John Kirby,Louie Bellson
John Kirby,Milt Hinton
John Kirby,Stanley Kay
Joe Turner,Mary Lou Williams
Joe Turner,Milt Hinton
Art Blakey,Louie Bellson
Art Blakey,Buster Williams
Art Blakey,Jimmy Owens
Art Blakey,Vi Redd
Art Blakey,Slide Hampton
Art Blakey,Ed Shaughnessy
Art Blakey,Toshiko Akiyoshi
Art Blakey,Mary Lou Williams
Art Blakey,Roy Haynes
Art Blakey,Delfeayo Marsalis
Art Blakey,Buddy DeFranco
http://dbpedia.org/resource/Chet_Baker,Sam Rivers
Bernie Glow,Stanley Kay
http://dbpedia.org/resource/Joya_Sherrill,Louie Bellson
http://dbpedia.org/resource/Russell_Procope,Louie Bellson
http://dbpedia.org/resource/Jack_Cole_(choreographer),Gerald Wiggins
http://dbpedia.org/resource/Frank_Wess,Stanley Kay
Frank Wess,Louie Bellson
Frank Wess,Billy Taylor
http://dbpedia.org/resource/Ella_Logan,Annie Ross
http://dbpedia.org/resource/Phil_Moore_(jazz_musician),John Levy
Bill Haley,Buddy DeFranco
Wynton Kelly,Abbey Lincoln
Wynton Kelly,Slide Hampton
http://dbpedia.org/resource/Coleman_Hawkins,Lionel Hampton
Coleman Hawkins,Benny Waters
Coleman Hawkins,Clark Terry
Coleman Hawkins,Roy Haynes
Coleman Hawkins,Roswell Rudd
Coleman Hawkins,Buddy Tate
Coleman Hawkins,Louie Bellson
Coleman Hawkins,Charles Davis
Coleman Hawkins,Toshiko Akiyoshi
Coleman Hawkins,Red Holloway
Coleman Hawkins,Buster Williams
Coleman Hawkins,Harold Ousley
Coleman Hawkins,Oscar Peterson
Coleman Hawkins,Abbey Lincoln
Coleman Hawkins,Sam Rivers
Coleman Hawkins,Roy Eldridge
Coleman Hawkins,Annie Ross
Coleman Hawkins,Danny Barker
Coleman Hawkins,Vi Redd
Coleman Hawkins,Bob Haggart
Coleman Hawkins,Bill Berry
Coleman Hawkins,David Murray
Coleman Hawkins,Marian McPartland
